[{"pk": 14, "model": "contenttypes.contenttype", "fields": {"model": "antiguedad", "name": "antiguedad", "app_label": "salary_calculator_app"}}, {"pk": 13, "model": "contenttypes.contenttype", "fields": {"model": "bonificacion", "name": "bonificacion", "app_label": "salary_calculator_app"}}, {"pk": 7, "model": "contenttypes.contenttype", "fields": {"model": "cargo", "name": "cargo", "app_label": "salary_calculator_app"}}, {"pk": 4, "model": "contenttypes.contenttype", "fields": {"model": "contenttype", "name": "content type", "app_label": "contenttypes"}}, {"pk": 2, "model": "contenttypes.contenttype", "fields": {"model": "group", "name": "group", "app_label": "auth"}}, {"pk": 6, "model": "contenttypes.contenttype", "fields": {"model": "logentry", "name": "log entry", "app_label": "admin"}}, {"pk": 1, "model": "contenttypes.contenttype", "fields": {"model": "permission", "name": "permission", "app_label": "auth"}}, {"pk": 10, "model": "contenttypes.contenttype", "fields": {"model": "remuneracionfija", "name": "remuneracion fija", "app_label": "salary_calculator_app"}}, {"pk": 9, "model": "contenttypes.contenttype", "fields": {"model": "retencionfija", "name": "retencion fija", "app_label": "salary_calculator_app"}}, {"pk": 8, "model": "contenttypes.contenttype", "fields": {"model": "retencionporcentual", "name": "retencion porcentual", "app_label": "salary_calculator_app"}}, {"pk": 5, "model": "contenttypes.contenttype", "fields": {"model": "session", "name": "session", "app_label": "sessions"}}, {"pk": 3, "model": "contenttypes.contenttype", "fields": {"model": "user", "name": "user", "app_label": "auth"}}, {"pk": 11, "model": "contenttypes.contenttype", "fields": {"model": "valoresremuneracionfija", "name": "valores remuneracion fija", "app_label": "salary_calculator_app"}}, {"pk": 12, "model": "contenttypes.contenttype", "fields": {"model": "valoresremuneracionfijaconantig", "name": "valores remuneracion fija con antig", "app_label": "salary_calculator_app"}}, {"pk": "bb15ece1c000b71a66b67615aa66fa2b", "model": "sessions.session", "fields": {"expire_date": "2019-07-11T18:00:53.147Z", "session_data": "ZDQxMmNlZWNmMWJiMzc2ZmJiMDk1ZTdhZWIwNzJjYTY1MWM3ZmY2NTqAAn1xAShVEl9hdXRoX3Vz\nZXJfYmFja2VuZHECVSlkamFuZ28uY29udHJpYi5hdXRoLmJhY2tlbmRzLk1vZGVsQmFja2VuZHED\nVQ1fYXV0aF91c2VyX2lkcQRLAXUu\n"}}, {"pk": "6c1bd7a19680d9005ec944109e0a7a3f", "model": "sessions.session", "fields": {"expire_date": "2019-07-12T16:33:53.255Z", "session_data": "ZDQxMmNlZWNmMWJiMzc2ZmJiMDk1ZTdhZWIwNzJjYTY1MWM3ZmY2NTqAAn1xAShVEl9hdXRoX3Vz\nZXJfYmFja2VuZHECVSlkamFuZ28uY29udHJpYi5hdXRoLmJhY2tlbmRzLk1vZGVsQmFja2VuZHED\nVQ1fYXV0aF91c2VyX2lkcQRLAXUu\n"}}, {"pk": 1, "model": "salary_calculator_app.cargo", "fields": {"horas": 0.0, "tipo_cargo": "U", "pampa": 101, "denominacion": "Profesor Titular D.E.", "pago_por_hora": false}}, {"pk": 2, "model": "salary_calculator_app.cargo", "fields": {"horas": 0.0, "tipo_cargo": "U", "pampa": 102, "denominacion": "Profesor Titular D.S.E.", "pago_por_hora": false}}, {"pk": 9, "model": "salary_calculator_app.cargo", "fields": {"horas": 0.0, "tipo_cargo": "U", "pampa": 103, "denominacion": "Profesor Titular D.S.", "pago_por_hora": true}}, {"pk": 10, "model": "salary_calculator_app.cargo", "fields": {"horas": 0.0, "tipo_cargo": "U", "pampa": 105, "denominacion": "Profesor Asociado D.E.", "pago_por_hora": true}}, {"pk": 3, "model": "salary_calculator_app.cargo", "fields": {"horas": 21.0, "tipo_cargo": "P", "pampa": 218, "denominacion": "Profesor JTP", "pago_por_hora": false}}, {"pk": 6, "model": "salary_calculator_app.cargo", "fields": {"horas": 25.0, "tipo_cargo": "P", "pampa": 227, "denominacion": "Preceptores", "pago_por_hora": false}}, {"pk": 5, "model": "salary_calculator_app.cargo", "fields": {"horas": 0.0, "tipo_cargo": "P", "pampa": 228, "denominacion": "Hora C\u00e1tedra Terciario", "pago_por_hora": true}}, {"pk": 4, "model": "salary_calculator_app.cargo", "fields": {"horas": 0.0, "tipo_cargo": "P", "pampa": 229, "denominacion": "Hora C\u00e1tedra Secundario", "pago_por_hora": true}}, {"pk": 8, "model": "salary_calculator_app.cargo", "fields": {"horas": 45.0, "tipo_cargo": "P", "pampa": 316, "denominacion": "Preceptor D.E.", "pago_por_hora": false}}, {"pk": 7, "model": "salary_calculator_app.cargo", "fields": {"horas": 27.3, "tipo_cargo": "P", "pampa": 317, "denominacion": "Preceptor", "pago_por_hora": false}}, {"pk": 3, "model": "salary_calculator_app.retencionporcentual", "fields": {"hasta": "2030-01-01", "desde": "2011-01-01", "porcentaje": 2.0, "nombre": "Aporte Fondo Adic. Univ.", "codigo": "203", "ref": "Aporte Fondo Adic. Univ."}}, {"pk": 4, "model": "salary_calculator_app.retencionporcentual", "fields": {"hasta": "2030-01-01", "desde": "2011-01-01", "porcentaje": 11.0, "nombre": "Jubilaci\u00f3n R\u00e9gimen Especial", "codigo": "209", "ref": "Jubilaci\u00f3n R\u00e9gimen Especial"}}, {"pk": 5, "model": "salary_calculator_app.retencionporcentual", "fields": {"hasta": "2019-02-28", "desde": "2011-01-01", "porcentaje": 4.5, "nombre": "Caja Comp. de Jub. UNC", "codigo": "210", "ref": "Caja Comp. de Jub. UNC"}}, {"pk": 6, "model": "salary_calculator_app.retencionporcentual", "fields": {"hasta": "2030-01-01", "desde": "2011-01-01", "porcentaje": 3.0, "nombre": "Ley 19032 Obra Soc. Jubilados", "codigo": "220", "ref": "Ley 19032 Obra Soc. Jubilados"}}, {"pk": 2, "model": "salary_calculator_app.retencionporcentual", "fields": {"hasta": "2030-01-01", "desde": "2011-01-01", "porcentaje": 3.0, "nombre": "DASPU", "codigo": "400", "ref": "DASPU"}}, {"pk": 1, "model": "salary_calculator_app.retencionporcentual", "fields": {"hasta": "2030-01-01", "desde": "2011-01-01", "porcentaje": 1.5, "nombre": "ADIUC", "codigo": "640", "ref": "ADIUC"}}, {"pk": 1, "model": "salary_calculator_app.remuneracionfija", "fields": {"remunerativo": true, "bonificable": true, "hasta": "2019-02-28", "desde": "2018-10-01", "nombre": "Basico", "codigo": "10", "ref": "Oct18"}}, {"pk": 2, "model": "salary_calculator_app.remuneracionfija", "fields": {"remunerativo": true, "bonificable": true, "hasta": "2030-01-01", "desde": "2019-03-01", "nombre": "Basico", "codigo": "10", "ref": "Mar19"}}, {"pk": 3, "model": "salary_calculator_app.remuneracionfija", "fields": {"remunerativo": true, "bonificable": false, "hasta": "2018-12-31", "desde": "2018-10-01", "nombre": "Adic. RNB", "codigo": "113", "ref": "RNBOct18"}}, {"pk": 7, "model": "salary_calculator_app.remuneracionfija", "fields": {"remunerativo": true, "bonificable": false, "hasta": "2019-02-28", "desde": "2019-01-01", "nombre": "Adic. RNB", "codigo": "113", "ref": "RNBEne19"}}, {"pk": 4, "model": "salary_calculator_app.remuneracionfija", "fields": {"remunerativo": false, "bonificable": false, "hasta": "2019-01-31", "desde": "2019-01-01", "nombre": "Adic. NRNB", "codigo": "381", "ref": "NRNBEne19"}}, {"pk": 6, "model": "salary_calculator_app.remuneracionfija", "fields": {"remunerativo": false, "bonificable": false, "hasta": "2019-02-28", "desde": "2019-02-01", "nombre": "Adic. NRNB", "codigo": "381", "ref": "NRNBFeb19"}}, {"pk": 5, "model": "salary_calculator_app.remuneracionfija", "fields": {"remunerativo": false, "bonificable": false, "hasta": "2030-01-01", "desde": "2019-03-01", "nombre": "Adic. NRNB", "codigo": "381", "ref": "NRNBMar19"}}, {"pk": 6, "model": "salary_calculator_app.valoresremuneracionfija", "fields": {"cargo": 1, "remuneracion": 4, "valor": 1623.48}}, {"pk": 7, "model": "salary_calculator_app.valoresremuneracionfija", "fields": {"cargo": 1, "remuneracion": 6, "valor": 2922.26}}, {"pk": 8, "model": "salary_calculator_app.valoresremuneracionfija", "fields": {"cargo": 1, "remuneracion": 5, "valor": 4545.74}}, {"pk": 2, "model": "salary_calculator_app.valoresremuneracionfija", "fields": {"cargo": 1, "remuneracion": 1, "valor": 39298.45}}, {"pk": 3, "model": "salary_calculator_app.valoresremuneracionfija", "fields": {"cargo": 1, "remuneracion": 2, "valor": 41421.79}}, {"pk": 4, "model": "salary_calculator_app.valoresremuneracionfija", "fields": {"cargo": 2, "remuneracion": 1, "valor": 19649.21}}, {"pk": 5, "model": "salary_calculator_app.valoresremuneracionfija", "fields": {"cargo": 2, "remuneracion": 2, "valor": 20710.88}}, {"pk": 1, "model": "salary_calculator_app.valoresremuneracionfija", "fields": {"cargo": 3, "remuneracion": 2, "valor": 9947.56}}, {"pk": 10, "model": "salary_calculator_app.valoresremuneracionfija", "fields": {"cargo": 5, "remuneracion": 2, "valor": 1269.54}}, {"pk": 9, "model": "salary_calculator_app.valoresremuneracionfija", "fields": {"cargo": 4, "remuneracion": 2, "valor": 1015.61}}, {"pk": 11, "model": "salary_calculator_app.valoresremuneracionfija", "fields": {"cargo": 8, "remuneracion": 2, "valor": 32904.45}}, {"pk": 13, "model": "salary_calculator_app.valoresremuneracionfija", "fields": {"cargo": 7, "remuneracion": 5, "valor": 2173.27}}, {"pk": 12, "model": "salary_calculator_app.valoresremuneracionfija", "fields": {"cargo": 7, "remuneracion": 2, "valor": 19962.03}}, {"pk": 1, "model": "salary_calculator_app.valoresremuneracionfijaconantig", "fields": {"antig_desde": 0, "cargo": 1, "remuneracion": 3, "antig_hasta": 4, "valor": 2548.0}}, {"pk": 2, "model": "salary_calculator_app.valoresremuneracionfijaconantig", "fields": {"antig_desde": 0, "cargo": 1, "remuneracion": 7, "antig_hasta": 4, "valor": 2675.0}}, {"pk": 1, "model": "salary_calculator_app.antiguedad", "fields": {"aplicado_a": "U", "antig_desde": 0, "hasta": "2030-01-01", "desde": "2011-01-01", "antig_hasta": 4, "porcentaje": 20.0, "nombre": "0 a 4 a\u00f1os - 20%", "codigo": "30", "ref": "0a4Univ"}}, {"pk": 9, "model": "salary_calculator_app.antiguedad", "fields": {"aplicado_a": "P", "antig_desde": 0, "hasta": "2030-01-01", "desde": "2011-01-01", "antig_hasta": 0, "porcentaje": 0.0, "nombre": "0 a\u00f1os", "codigo": "30", "ref": "0Preuniv"}}, {"pk": 3, "model": "salary_calculator_app.antiguedad", "fields": {"aplicado_a": "P", "antig_desde": 1, "hasta": "2030-01-01", "desde": "2011-01-01", "antig_hasta": 1, "porcentaje": 10.0, "nombre": "1 A\u00f1o", "codigo": "30", "ref": "1PreUniv"}}, {"pk": 7, "model": "salary_calculator_app.antiguedad", "fields": {"aplicado_a": "P", "antig_desde": 10, "hasta": "2030-01-01", "desde": "2011-01-01", "antig_hasta": 11, "porcentaje": 50.0, "nombre": "10 a 11 a\u00f1os", "codigo": "30", "ref": "10a11Preuniv"}}, {"pk": 11, "model": "salary_calculator_app.antiguedad", "fields": {"aplicado_a": "U", "antig_desde": 10, "hasta": "2030-01-01", "desde": "2011-01-01", "antig_hasta": 11, "porcentaje": 50.0, "nombre": "10 a 11 a\u00f1os", "codigo": "30", "ref": "10a11Univ"}}, {"pk": 12, "model": "salary_calculator_app.antiguedad", "fields": {"aplicado_a": "U", "antig_desde": 12, "hasta": "2030-01-01", "desde": "2011-01-01", "antig_hasta": 14, "porcentaje": 60.0, "nombre": "12 a 14 a\u00f1os", "codigo": "30", "ref": "12a14"}}, {"pk": 8, "model": "salary_calculator_app.antiguedad", "fields": {"aplicado_a": "P", "antig_desde": 12, "hasta": "2030-01-01", "desde": "2011-01-01", "antig_hasta": 100, "porcentaje": 60.0, "nombre": "12 o mas a\u00f1os", "codigo": "30", "ref": "12oMasPreuniv"}}, {"pk": 13, "model": "salary_calculator_app.antiguedad", "fields": {"aplicado_a": "U", "antig_desde": 15, "hasta": "2030-01-01", "desde": "2011-01-01", "antig_hasta": 16, "porcentaje": 70.0, "nombre": "15 a 16 a\u00f1os", "codigo": "30", "ref": "15a16Univ"}}, {"pk": 14, "model": "salary_calculator_app.antiguedad", "fields": {"aplicado_a": "U", "antig_desde": 17, "hasta": "2030-01-01", "desde": "2011-01-01", "antig_hasta": 19, "porcentaje": 80.0, "nombre": "17 a 19 a\u00f1os", "codigo": "30", "ref": "17a19Univ"}}, {"pk": 4, "model": "salary_calculator_app.antiguedad", "fields": {"aplicado_a": "P", "antig_desde": 2, "hasta": "2030-01-01", "desde": "2011-01-01", "antig_hasta": 4, "porcentaje": 20.0, "nombre": "2 a 4 a\u00f1os", "codigo": "30", "ref": "2a4Preuniv"}}, {"pk": 15, "model": "salary_calculator_app.antiguedad", "fields": {"aplicado_a": "U", "antig_desde": 20, "hasta": "2030-01-01", "desde": "2011-01-01", "antig_hasta": 21, "porcentaje": 100.0, "nombre": "20 a 21 a\u00f1os", "codigo": "30", "ref": "20a21Univ"}}, {"pk": 16, "model": "salary_calculator_app.antiguedad", "fields": {"aplicado_a": "U", "antig_desde": 22, "hasta": "2030-01-01", "desde": "2011-01-01", "antig_hasta": 23, "porcentaje": 110.0, "nombre": "22 a 23 a\u00f1os", "codigo": "30", "ref": "22a23Univ"}}, {"pk": 17, "model": "salary_calculator_app.antiguedad", "fields": {"aplicado_a": "U", "antig_desde": 24, "hasta": "2030-01-01", "desde": "2011-01-01", "antig_hasta": 100, "porcentaje": 120.0, "nombre": "24 a\u00f1os o mas ", "codigo": "30", "ref": "24oMasUniv"}}, {"pk": 5, "model": "salary_calculator_app.antiguedad", "fields": {"aplicado_a": "P", "antig_desde": 5, "hasta": "2030-01-01", "desde": "2011-01-01", "antig_hasta": 6, "porcentaje": 30.0, "nombre": "5 a 6 a\u00f1os", "codigo": "30", "ref": "5a6Preuniv"}}, {"pk": 2, "model": "salary_calculator_app.antiguedad", "fields": {"aplicado_a": "U", "antig_desde": 5, "hasta": "2030-01-01", "desde": "2011-01-01", "antig_hasta": 6, "porcentaje": 30.0, "nombre": "5 a 6 a\u00f1os - 30%", "codigo": "30", "ref": "5a6Univ"}}, {"pk": 6, "model": "salary_calculator_app.antiguedad", "fields": {"aplicado_a": "P", "antig_desde": 7, "hasta": "2030-01-01", "desde": "2011-01-01", "antig_hasta": 9, "porcentaje": 40.0, "nombre": "7 a 9 a\u00f1os", "codigo": "30", "ref": "7a9Preuniv"}}, {"pk": 10, "model": "salary_calculator_app.antiguedad", "fields": {"aplicado_a": "U", "antig_desde": 7, "hasta": "2030-01-01", "desde": "2011-01-01", "antig_hasta": 9, "porcentaje": 40.0, "nombre": "7 a 9 a\u00f1os", "codigo": "30", "ref": "7a9Univ"}}, {"pk": 16, "model": "auth.permission", "fields": {"codename": "add_logentry", "name": "Can add log entry", "content_type": 6}}, {"pk": 17, "model": "auth.permission", "fields": {"codename": "change_logentry", "name": "Can change log entry", "content_type": 6}}, {"pk": 18, "model": "auth.permission", "fields": {"codename": "delete_logentry", "name": "Can delete log entry", "content_type": 6}}, {"pk": 1, "model": "auth.permission", "fields": {"codename": "add_group", "name": "Can add group", "content_type": 2}}, {"pk": 4, "model": "auth.permission", "fields": {"codename": "change_group", "name": "Can change group", "content_type": 2}}, {"pk": 7, "model": "auth.permission", "fields": {"codename": "delete_group", "name": "Can delete group", "content_type": 2}}, {"pk": 2, "model": "auth.permission", "fields": {"codename": "add_permission", "name": "Can add permission", "content_type": 1}}, {"pk": 5, "model": "auth.permission", "fields": {"codename": "change_permission", "name": "Can change permission", "content_type": 1}}, {"pk": 8, "model": "auth.permission", "fields": {"codename": "delete_permission", "name": "Can delete permission", "content_type": 1}}, {"pk": 3, "model": "auth.permission", "fields": {"codename": "add_user", "name": "Can add user", "content_type": 3}}, {"pk": 6, "model": "auth.permission", "fields": {"codename": "change_user", "name": "Can change user", "content_type": 3}}, {"pk": 9, "model": "auth.permission", "fields": {"codename": "delete_user", "name": "Can delete user", "content_type": 3}}, {"pk": 10, "model": "auth.permission", "fields": {"codename": "add_contenttype", "name": "Can add content type", "content_type": 4}}, {"pk": 11, "model": "auth.permission", "fields": {"codename": "change_contenttype", "name": "Can change content type", "content_type": 4}}, {"pk": 12, "model": "auth.permission", "fields": {"codename": "delete_contenttype", "name": "Can delete content type", "content_type": 4}}, {"pk": 19, "model": "auth.permission", "fields": {"codename": "add_antiguedad", "name": "Can add antiguedad", "content_type": 14}}, {"pk": 27, "model": "auth.permission", "fields": {"codename": "change_antiguedad", "name": "Can change antiguedad", "content_type": 14}}, {"pk": 35, "model": "auth.permission", "fields": {"codename": "delete_antiguedad", "name": "Can delete antiguedad", "content_type": 14}}, {"pk": 20, "model": "auth.permission", "fields": {"codename": "add_bonificacion", "name": "Can add bonificacion", "content_type": 13}}, {"pk": 28, "model": "auth.permission", "fields": {"codename": "change_bonificacion", "name": "Can change bonificacion", "content_type": 13}}, {"pk": 36, "model": "auth.permission", "fields": {"codename": "delete_bonificacion", "name": "Can delete bonificacion", "content_type": 13}}, {"pk": 21, "model": "auth.permission", "fields": {"codename": "add_cargo", "name": "Can add cargo", "content_type": 7}}, {"pk": 29, "model": "auth.permission", "fields": {"codename": "change_cargo", "name": "Can change cargo", "content_type": 7}}, {"pk": 37, "model": "auth.permission", "fields": {"codename": "delete_cargo", "name": "Can delete cargo", "content_type": 7}}, {"pk": 22, "model": "auth.permission", "fields": {"codename": "add_remuneracionfija", "name": "Can add remuneracion fija", "content_type": 10}}, {"pk": 30, "model": "auth.permission", "fields": {"codename": "change_remuneracionfija", "name": "Can change remuneracion fija", "content_type": 10}}, {"pk": 38, "model": "auth.permission", "fields": {"codename": "delete_remuneracionfija", "name": "Can delete remuneracion fija", "content_type": 10}}, {"pk": 23, "model": "auth.permission", "fields": {"codename": "add_retencionfija", "name": "Can add retencion fija", "content_type": 9}}, {"pk": 31, "model": "auth.permission", "fields": {"codename": "change_retencionfija", "name": "Can change retencion fija", "content_type": 9}}, {"pk": 39, "model": "auth.permission", "fields": {"codename": "delete_retencionfija", "name": "Can delete retencion fija", "content_type": 9}}, {"pk": 24, "model": "auth.permission", "fields": {"codename": "add_retencionporcentual", "name": "Can add retencion porcentual", "content_type": 8}}, {"pk": 32, "model": "auth.permission", "fields": {"codename": "change_retencionporcentual", "name": "Can change retencion porcentual", "content_type": 8}}, {"pk": 40, "model": "auth.permission", "fields": {"codename": "delete_retencionporcentual", "name": "Can delete retencion porcentual", "content_type": 8}}, {"pk": 25, "model": "auth.permission", "fields": {"codename": "add_valoresremuneracionfija", "name": "Can add valores remuneracion fija", "content_type": 11}}, {"pk": 33, "model": "auth.permission", "fields": {"codename": "change_valoresremuneracionfija", "name": "Can change valores remuneracion fija", "content_type": 11}}, {"pk": 41, "model": "auth.permission", "fields": {"codename": "delete_valoresremuneracionfija", "name": "Can delete valores remuneracion fija", "content_type": 11}}, {"pk": 26, "model": "auth.permission", "fields": {"codename": "add_valoresremuneracionfijaconantig", "name": "Can add valores remuneracion fija con antig", "content_type": 12}}, {"pk": 34, "model": "auth.permission", "fields": {"codename": "change_valoresremuneracionfijaconantig", "name": "Can change valores remuneracion fija con antig", "content_type": 12}}, {"pk": 42, "model": "auth.permission", "fields": {"codename": "delete_valoresremuneracionfijaconantig", "name": "Can delete valores remuneracion fija con antig", "content_type": 12}}, {"pk": 13, "model": "auth.permission", "fields": {"codename": "add_session", "name": "Can add session", "content_type": 5}}, {"pk": 14, "model": "auth.permission", "fields": {"codename": "change_session", "name": "Can change session", "content_type": 5}}, {"pk": 15, "model": "auth.permission", "fields": {"codename": "delete_session", "name": "Can delete session", "content_type": 5}}, {"pk": 1, "model": "auth.user", "fields": {"username": "admin", "first_name": "", "last_name": "", "is_active": true, "is_superuser": true, "is_staff": true, "last_login": "2019-06-28T16:33:53.018Z", "groups": [], "user_permissions": [], "password": "pbkdf2_sha256$10000$qpoji3m0CPS5$Au/RWsiHcZ0xmTNfK3C5/vfCU/muUme84Q6/JdTnjpc=", "email": "luisromano@gmail.com", "date_joined": "2019-06-27T18:00:10.048Z"}}, {"pk": 65, "model": "admin.logentry", "fields": {"action_flag": 1, "action_time": "2019-07-01T14:45:31.057Z", "object_repr": "Ley 19032 Obra Soc. Jubilados", "object_id": "6", "change_message": "", "user": 1, "content_type": 8}}, {"pk": 64, "model": "admin.logentry", "fields": {"action_flag": 1, "action_time": "2019-07-01T14:44:38.639Z", "object_repr": "Caja Comp. de Jub. UNC", "object_id": "5", "change_message": "", "user": 1, "content_type": 8}}, {"pk": 63, "model": "admin.logentry", "fields": {"action_flag": 1, "action_time": "2019-07-01T14:42:39.906Z", "object_repr": "Jubilaci\u00f3n R\u00e9gimen Especial", "object_id": "4", "change_message": "", "user": 1, "content_type": 8}}, {"pk": 62, "model": "admin.logentry", "fields": {"action_flag": 1, "action_time": "2019-07-01T14:42:00.161Z", "object_repr": "Aporte Fondo Adic. Univ.", "object_id": "3", "change_message": "", "user": 1, "content_type": 8}}, {"pk": 61, "model": "admin.logentry", "fields": {"action_flag": 1, "action_time": "2019-06-28T18:31:04.304Z", "object_repr": "NRNBMar19 NR  NB Adic. NRNB317 - Preceptor", "object_id": "13", "change_message": "", "user": 1, "content_type": 11}}, {"pk": 60, "model": "admin.logentry", "fields": {"action_flag": 1, "action_time": "2019-06-28T16:41:37.396Z", "object_repr": "Mar19 R  B Basico317 - Preceptor", "object_id": "12", "change_message": "", "user": 1, "content_type": 11}}, {"pk": 59, "model": "admin.logentry", "fields": {"action_flag": 1, "action_time": "2019-06-28T16:40:47.720Z", "object_repr": "Mar19 R  B Basico316 - Preceptor D.E.", "object_id": "11", "change_message": "", "user": 1, "content_type": 11}}, {"pk": 58, "model": "admin.logentry", "fields": {"action_flag": 1, "action_time": "2019-06-28T16:40:05.367Z", "object_repr": "316 - Preceptor D.E.", "object_id": "8", "change_message": "", "user": 1, "content_type": 7}}, {"pk": 57, "model": "admin.logentry", "fields": {"action_flag": 1, "action_time": "2019-06-28T16:38:33.425Z", "object_repr": "317 - Preceptor", "object_id": "7", "change_message": "", "user": 1, "content_type": 7}}, {"pk": 56, "model": "admin.logentry", "fields": {"action_flag": 2, "action_time": "2019-06-28T16:38:07.284Z", "object_repr": "227 - Preceptores", "object_id": "6", "change_message": "Changed denominacion.", "user": 1, "content_type": 7}}, {"pk": 55, "model": "admin.logentry", "fields": {"action_flag": 1, "action_time": "2019-06-28T16:36:44.331Z", "object_repr": "227 - Preceptor", "object_id": "6", "change_message": "", "user": 1, "content_type": 7}}, {"pk": 54, "model": "admin.logentry", "fields": {"action_flag": 1, "action_time": "2019-06-28T16:35:39.888Z", "object_repr": "24oMasUniv - 120.0", "object_id": "17", "change_message": "", "user": 1, "content_type": 14}}, {"pk": 53, "model": "admin.logentry", "fields": {"action_flag": 1, "action_time": "2019-06-28T16:33:34.971Z", "object_repr": "22a23Univ - 110.0", "object_id": "16", "change_message": "", "user": 1, "content_type": 14}}, {"pk": 52, "model": "admin.logentry", "fields": {"action_flag": 1, "action_time": "2019-06-28T16:33:03.269Z", "object_repr": "20a21Univ - 100.0", "object_id": "15", "change_message": "", "user": 1, "content_type": 14}}, {"pk": 51, "model": "admin.logentry", "fields": {"action_flag": 1, "action_time": "2019-06-28T16:32:10.163Z", "object_repr": "17a19Univ - 80.0", "object_id": "14", "change_message": "", "user": 1, "content_type": 14}}, {"pk": 50, "model": "admin.logentry", "fields": {"action_flag": 1, "action_time": "2019-06-28T16:31:31.267Z", "object_repr": "15a16Univ - 70.0", "object_id": "13", "change_message": "", "user": 1, "content_type": 14}}, {"pk": 49, "model": "admin.logentry", "fields": {"action_flag": 1, "action_time": "2019-06-28T16:30:50.657Z", "object_repr": "12a14 - 60.0", "object_id": "12", "change_message": "", "user": 1, "content_type": 14}}, {"pk": 48, "model": "admin.logentry", "fields": {"action_flag": 1, "action_time": "2019-06-28T16:30:06.902Z", "object_repr": "10a11Univ - 50.0", "object_id": "11", "change_message": "", "user": 1, "content_type": 14}}, {"pk": 47, "model": "admin.logentry", "fields": {"action_flag": 1, "action_time": "2019-06-28T16:29:27.656Z", "object_repr": "7a9Univ - 40.0", "object_id": "10", "change_message": "", "user": 1, "content_type": 14}}, {"pk": 46, "model": "admin.logentry", "fields": {"action_flag": 1, "action_time": "2019-06-28T16:11:38.708Z", "object_repr": "Mar19 R  B Basico228 - Hora C\u00e1tedra Terciario", "object_id": "10", "change_message": "", "user": 1, "content_type": 11}}, {"pk": 45, "model": "admin.logentry", "fields": {"action_flag": 1, "action_time": "2019-06-28T16:11:17.737Z", "object_repr": "Mar19 R  B Basico229 - Hora C\u00e1tedra Secundario", "object_id": "9", "change_message": "", "user": 1, "content_type": 11}}, {"pk": 44, "model": "admin.logentry", "fields": {"action_flag": 1, "action_time": "2019-06-28T15:54:57.121Z", "object_repr": "228 - Hora C\u00e1tedra Terciario", "object_id": "5", "change_message": "", "user": 1, "content_type": 7}}, {"pk": 43, "model": "admin.logentry", "fields": {"action_flag": 2, "action_time": "2019-06-28T15:54:25Z", "object_repr": "229 - Hora C\u00e1tedra Secundario", "object_id": "4", "change_message": "Changed pampa.", "user": 1, "content_type": 7}}, {"pk": 42, "model": "admin.logentry", "fields": {"action_flag": 1, "action_time": "2019-06-28T15:53:40.425Z", "object_repr": "319 - Hora C\u00e1tedra Secundario", "object_id": "4", "change_message": "", "user": 1, "content_type": 7}}, {"pk": 41, "model": "admin.logentry", "fields": {"action_flag": 1, "action_time": "2019-06-28T14:52:16.564Z", "object_repr": "0Preuniv - 0.0", "object_id": "9", "change_message": "", "user": 1, "content_type": 14}}, {"pk": 40, "model": "admin.logentry", "fields": {"action_flag": 1, "action_time": "2019-06-28T14:50:34.555Z", "object_repr": "12oMasPreuniv - 60.0", "object_id": "8", "change_message": "", "user": 1, "content_type": 14}}, {"pk": 39, "model": "admin.logentry", "fields": {"action_flag": 1, "action_time": "2019-06-28T14:49:15.670Z", "object_repr": "10a11Preuniv - 50.0", "object_id": "7", "change_message": "", "user": 1, "content_type": 14}}, {"pk": 38, "model": "admin.logentry", "fields": {"action_flag": 1, "action_time": "2019-06-28T14:48:30.789Z", "object_repr": "7a9Preuniv - 40.0", "object_id": "6", "change_message": "", "user": 1, "content_type": 14}}, {"pk": 37, "model": "admin.logentry", "fields": {"action_flag": 1, "action_time": "2019-06-28T14:47:32.677Z", "object_repr": "5a6Preuniv - 30.0", "object_id": "5", "change_message": "", "user": 1, "content_type": 14}}, {"pk": 36, "model": "admin.logentry", "fields": {"action_flag": 1, "action_time": "2019-06-28T14:46:37.748Z", "object_repr": "2a4Preuniv - 20.0", "object_id": "4", "change_message": "", "user": 1, "content_type": 14}}, {"pk": 35, "model": "admin.logentry", "fields": {"action_flag": 1, "action_time": "2019-06-28T12:52:30.308Z", "object_repr": "1PreUniv - 10.0", "object_id": "3", "change_message": "", "user": 1, "content_type": 14}}, {"pk": 34, "model": "admin.logentry", "fields": {"action_flag": 1, "action_time": "2019-06-27T20:04:21.579Z", "object_repr": "NRNBMar19 NR  NB Adic. NRNB101 - Profesor Titular D.E.", "object_id": "8", "change_message": "", "user": 1, "content_type": 11}}, {"pk": 33, "model": "admin.logentry", "fields": {"action_flag": 1, "action_time": "2019-06-27T20:03:54Z", "object_repr": "NRNBFeb19 NR  NB Adic. NRNB101 - Profesor Titular D.E.", "object_id": "7", "change_message": "", "user": 1, "content_type": 11}}, {"pk": 32, "model": "admin.logentry", "fields": {"action_flag": 1, "action_time": "2019-06-27T20:03:35.289Z", "object_repr": "NRNBEne19 NR  NB Adic. NRNB101 - Profesor Titular D.E.", "object_id": "6", "change_message": "", "user": 1, "content_type": 11}}, {"pk": 31, "model": "admin.logentry", "fields": {"action_flag": 1, "action_time": "2019-06-27T19:59:59.494Z", "object_repr": "RNBEne19 R  NB Adic. RNB101 - Profesor Titular D.E.", "object_id": "2", "change_message": "", "user": 1, "content_type": 12}}, {"pk": 30, "model": "admin.logentry", "fields": {"action_flag": 1, "action_time": "2019-06-27T19:59:21.778Z", "object_repr": "RNBEne19 R  NB Adic. RNB", "object_id": "7", "change_message": "", "user": 1, "content_type": 10}}, {"pk": 29, "model": "admin.logentry", "fields": {"action_flag": 2, "action_time": "2019-06-27T19:58:07.497Z", "object_repr": "RNBOct18 R  NB Adic. RNB", "object_id": "3", "change_message": "Changed hasta.", "user": 1, "content_type": 10}}, {"pk": 28, "model": "admin.logentry", "fields": {"action_flag": 1, "action_time": "2019-06-27T19:57:10.457Z", "object_repr": "RNBOct18 R  NB Adic. RNB101 - Profesor Titular D.E.", "object_id": "1", "change_message": "", "user": 1, "content_type": 12}}, {"pk": 27, "model": "admin.logentry", "fields": {"action_flag": 3, "action_time": "2019-06-27T19:56:40.370Z", "object_repr": "NRNBFeb19 NR  NB Adic. NRNB101 - Profesor Titular D.E.", "object_id": "8", "change_message": "", "user": 1, "content_type": 11}}, {"pk": 26, "model": "admin.logentry", "fields": {"action_flag": 3, "action_time": "2019-06-27T19:56:40.297Z", "object_repr": "RNBOct18 R  NB Adic. RNB101 - Profesor Titular D.E.", "object_id": "6", "change_message": "", "user": 1, "content_type": 11}}, {"pk": 25, "model": "admin.logentry", "fields": {"action_flag": 3, "action_time": "2019-06-27T19:56:40.221Z", "object_repr": "NRNBEne19 NR  NB Adic. NRNB101 - Profesor Titular D.E.", "object_id": "7", "change_message": "", "user": 1, "content_type": 11}}, {"pk": 24, "model": "admin.logentry", "fields": {"action_flag": 1, "action_time": "2019-06-27T19:56:08.089Z", "object_repr": "NRNBFeb19 NR  NB Adic. NRNB101 - Profesor Titular D.E.", "object_id": "8", "change_message": "", "user": 1, "content_type": 11}}, {"pk": 23, "model": "admin.logentry", "fields": {"action_flag": 1, "action_time": "2019-06-27T19:55:48.561Z", "object_repr": "NRNBEne19 NR  NB Adic. NRNB101 - Profesor Titular D.E.", "object_id": "7", "change_message": "", "user": 1, "content_type": 11}}, {"pk": 22, "model": "admin.logentry", "fields": {"action_flag": 1, "action_time": "2019-06-27T19:55:16.184Z", "object_repr": "NRNBFeb19 NR  NB Adic. NRNB", "object_id": "6", "change_message": "", "user": 1, "content_type": 10}}, {"pk": 21, "model": "admin.logentry", "fields": {"action_flag": 2, "action_time": "2019-06-27T19:54:34.858Z", "object_repr": "NRNBEne19 NR  NB Adic. NRNB", "object_id": "4", "change_message": "Changed hasta.", "user": 1, "content_type": 10}}, {"pk": 20, "model": "admin.logentry", "fields": {"action_flag": 1, "action_time": "2019-06-27T19:53:41.880Z", "object_repr": "RNBOct18 R  NB Adic. RNB101 - Profesor Titular D.E.", "object_id": "6", "change_message": "", "user": 1, "content_type": 11}}, {"pk": 19, "model": "admin.logentry", "fields": {"action_flag": 1, "action_time": "2019-06-27T19:52:28.178Z", "object_repr": "NRNBMar19 NR  NB Adic. NRNB", "object_id": "5", "change_message": "", "user": 1, "content_type": 10}}, {"pk": 18, "model": "admin.logentry", "fields": {"action_flag": 1, "action_time": "2019-06-27T19:51:19.474Z", "object_repr": "NRNBEne19 NR  NB Adic. NRNB", "object_id": "4", "change_message": "", "user": 1, "content_type": 10}}, {"pk": 17, "model": "admin.logentry", "fields": {"action_flag": 1, "action_time": "2019-06-27T19:49:35.797Z", "object_repr": "RNBOct18 R  NB Adic. RNB", "object_id": "3", "change_message": "", "user": 1, "content_type": 10}}, {"pk": 16, "model": "admin.logentry", "fields": {"action_flag": 1, "action_time": "2019-06-27T19:12:18.879Z", "object_repr": "Mar19 R  B Basico102 - Profesor Titular D.S.E.", "object_id": "5", "change_message": "", "user": 1, "content_type": 11}}, {"pk": 15, "model": "admin.logentry", "fields": {"action_flag": 1, "action_time": "2019-06-27T19:11:58.081Z", "object_repr": "Oct18 R  B Basico102 - Profesor Titular D.S.E.", "object_id": "4", "change_message": "", "user": 1, "content_type": 11}}, {"pk": 14, "model": "admin.logentry", "fields": {"action_flag": 1, "action_time": "2019-06-27T18:48:34.675Z", "object_repr": "Mar19 R  B Basico101 - Profesor Titular D.E.", "object_id": "3", "change_message": "", "user": 1, "content_type": 11}}, {"pk": 13, "model": "admin.logentry", "fields": {"action_flag": 1, "action_time": "2019-06-27T18:48:14.350Z", "object_repr": "Oct18 R  B Basico101 - Profesor Titular D.E.", "object_id": "2", "change_message": "", "user": 1, "content_type": 11}}, {"pk": 12, "model": "admin.logentry", "fields": {"action_flag": 1, "action_time": "2019-06-27T18:47:04.112Z", "object_repr": "Mar19 R  B Basico218 - Profesor JTP", "object_id": "1", "change_message": "", "user": 1, "content_type": 11}}, {"pk": 11, "model": "admin.logentry", "fields": {"action_flag": 1, "action_time": "2019-06-27T18:46:10.663Z", "object_repr": "218 - Profesor JTP", "object_id": "3", "change_message": "", "user": 1, "content_type": 7}}, {"pk": 10, "model": "admin.logentry", "fields": {"action_flag": 1, "action_time": "2019-06-27T18:43:53.913Z", "object_repr": "102 - Profesor Titular D.S.E.", "object_id": "2", "change_message": "", "user": 1, "content_type": 7}}, {"pk": 9, "model": "admin.logentry", "fields": {"action_flag": 1, "action_time": "2019-06-27T18:43:15.769Z", "object_repr": "101 - Profesor Titular D.E.", "object_id": "1", "change_message": "", "user": 1, "content_type": 7}}, {"pk": 8, "model": "admin.logentry", "fields": {"action_flag": 1, "action_time": "2019-06-27T18:42:03.867Z", "object_repr": "DASPU", "object_id": "2", "change_message": "", "user": 1, "content_type": 8}}, {"pk": 7, "model": "admin.logentry", "fields": {"action_flag": 2, "action_time": "2019-06-27T18:40:47.107Z", "object_repr": "ADIUC", "object_id": "1", "change_message": "Changed nombre.", "user": 1, "content_type": 8}}, {"pk": 6, "model": "admin.logentry", "fields": {"action_flag": 1, "action_time": "2019-06-27T18:40:27.858Z", "object_repr": "ADIUC", "object_id": "1", "change_message": "", "user": 1, "content_type": 8}}, {"pk": 5, "model": "admin.logentry", "fields": {"action_flag": 1, "action_time": "2019-06-27T18:38:25.387Z", "object_repr": "Mar19 R  B Basico", "object_id": "2", "change_message": "", "user": 1, "content_type": 10}}, {"pk": 4, "model": "admin.logentry", "fields": {"action_flag": 1, "action_time": "2019-06-27T18:34:52.703Z", "object_repr": "Oct18 R  B Basico", "object_id": "1", "change_message": "", "user": 1, "content_type": 10}}, {"pk": 3, "model": "admin.logentry", "fields": {"action_flag": 1, "action_time": "2019-06-27T18:32:50.840Z", "object_repr": "5a6Univ - 30.0", "object_id": "2", "change_message": "", "user": 1, "content_type": 14}}, {"pk": 2, "model": "admin.logentry", "fields": {"action_flag": 2, "action_time": "2019-06-27T18:13:23.092Z", "object_repr": "0a4Univ - 20.0", "object_id": "1", "change_message": "Changed ref.", "user": 1, "content_type": 14}}, {"pk": 1, "model": "admin.logentry", "fields": {"action_flag": 1, "action_time": "2019-06-27T18:11:38.369Z", "object_repr": "0a4 - 20.0", "object_id": "1", "change_message": "", "user": 1, "content_type": 14}}]