[
    {
        "pk": 2,
        "model": "salary_calculator_app.periodo",
        "fields": {
            "hasta": "2012-02-29",
            "desde": "2011-09-01"
        }
    },
    {
        "pk": 1,
        "model": "salary_calculator_app.periodo",
        "fields": {
            "hasta": "2013-02-28",
            "desde": "2011-09-01"
        }
    },
    {
        "pk": 14,
        "model": "salary_calculator_app.periodo",
        "fields": {
            "hasta": "2020-12-29",
            "desde": "2011-09-01"
        }
    },
    {
        "pk": 6,
        "model": "salary_calculator_app.periodo",
        "fields": {
            "hasta": "2012-12-31",
            "desde": "2012-01-01"
        }
    },
    {
        "pk": 8,
        "model": "salary_calculator_app.periodo",
        "fields": {
            "hasta": "2020-12-31",
            "desde": "2012-01-01"
        }
    },
    {
        "pk": 3,
        "model": "salary_calculator_app.periodo",
        "fields": {
            "hasta": "2012-05-31",
            "desde": "2012-03-01"
        }
    },
    {
        "pk": 4,
        "model": "salary_calculator_app.periodo",
        "fields": {
            "hasta": "2012-08-31",
            "desde": "2012-06-01"
        }
    },
    {
        "pk": 5,
        "model": "salary_calculator_app.periodo",
        "fields": {
            "hasta": "2013-02-28",
            "desde": "2012-09-01"
        }
    },
    {
        "pk": 7,
        "model": "salary_calculator_app.periodo",
        "fields": {
            "hasta": "2013-12-31",
            "desde": "2013-01-01"
        }
    },
    {
        "pk": 9,
        "model": "salary_calculator_app.periodo",
        "fields": {
            "hasta": "2013-05-31",
            "desde": "2013-03-01"
        }
    },
    {
        "pk": 15,
        "model": "salary_calculator_app.periodo",
        "fields": {
            "hasta": "2020-12-29",
            "desde": "2013-03-01"
        }
    },
    {
        "pk": 13,
        "model": "salary_calculator_app.periodo",
        "fields": {
            "hasta": "2020-12-31",
            "desde": "2013-03-01"
        }
    },
    {
        "pk": 10,
        "model": "salary_calculator_app.periodo",
        "fields": {
            "hasta": "2013-10-31",
            "desde": "2013-06-01"
        }
    },
    {
        "pk": 11,
        "model": "salary_calculator_app.periodo",
        "fields": {
            "hasta": "2013-12-31",
            "desde": "2013-11-01"
        }
    },
    {
        "pk": 12,
        "model": "salary_calculator_app.periodo",
        "fields": {
            "hasta": "2020-12-30",
            "desde": "2014-01-01"
        }
    },
    {
        "pk": 5,
        "model": "salary_calculator_app.cargo",
        "fields": {
            "pampa": 205,
            "lu": 10,
            "denominacion": 5
        }
    },
    {
        "pk": 51,
        "model": "salary_calculator_app.cargo",
        "fields": {
            "pampa": 310,
            "lu": 90,
            "denominacion": 5
        }
    },
    {
        "pk": 7,
        "model": "salary_calculator_app.cargo",
        "fields": {
            "pampa": 207,
            "lu": 12,
            "denominacion": 7
        }
    },
    {
        "pk": 41,
        "model": "salary_calculator_app.cargo",
        "fields": {
            "pampa": 241,
            "lu": 80,
            "denominacion": 40
        }
    },
    {
        "pk": 55,
        "model": "salary_calculator_app.cargo",
        "fields": {
            "pampa": 314,
            "lu": 94,
            "denominacion": 53
        }
    },
    {
        "pk": 54,
        "model": "salary_calculator_app.cargo",
        "fields": {
            "pampa": 313,
            "lu": 93,
            "denominacion": 52
        }
    },
    {
        "pk": 9,
        "model": "salary_calculator_app.cargo",
        "fields": {
            "pampa": 209,
            "lu": 16,
            "denominacion": 9
        }
    },
    {
        "pk": 12,
        "model": "salary_calculator_app.cargo",
        "fields": {
            "pampa": 212,
            "lu": 19,
            "denominacion": 12
        }
    },
    {
        "pk": 61,
        "model": "salary_calculator_app.cargo",
        "fields": {
            "pampa": 242,
            "lu": 99,
            "denominacion": 59
        }
    },
    {
        "pk": 25,
        "model": "salary_calculator_app.cargo",
        "fields": {
            "pampa": 224,
            "lu": 40,
            "denominacion": 24
        }
    },
    {
        "pk": 20,
        "model": "salary_calculator_app.cargo",
        "fields": {
            "pampa": 219,
            "lu": 33,
            "denominacion": 20
        }
    },
    {
        "pk": 27,
        "model": "salary_calculator_app.cargo",
        "fields": {
            "pampa": 226,
            "lu": 42,
            "denominacion": 26
        }
    },
    {
        "pk": 56,
        "model": "salary_calculator_app.cargo",
        "fields": {
            "pampa": 315,
            "lu": 95,
            "denominacion": 54
        }
    },
    {
        "pk": 42,
        "model": "salary_calculator_app.cargo",
        "fields": {
            "pampa": 301,
            "lu": 81,
            "denominacion": 41
        }
    },
    {
        "pk": 8,
        "model": "salary_calculator_app.cargo",
        "fields": {
            "pampa": 208,
            "lu": 15,
            "denominacion": 8
        }
    },
    {
        "pk": 13,
        "model": "salary_calculator_app.cargo",
        "fields": {
            "pampa": 213,
            "lu": 21,
            "denominacion": 13
        }
    },
    {
        "pk": 50,
        "model": "salary_calculator_app.cargo",
        "fields": {
            "pampa": 309,
            "lu": 89,
            "denominacion": 49
        }
    },
    {
        "pk": 60,
        "model": "salary_calculator_app.cargo",
        "fields": {
            "pampa": 318,
            "lu": 98,
            "denominacion": 58
        }
    },
    {
        "pk": 59,
        "model": "salary_calculator_app.cargo",
        "fields": {
            "pampa": 319,
            "lu": 98,
            "denominacion": 57
        }
    },
    {
        "pk": 31,
        "model": "salary_calculator_app.cargo",
        "fields": {
            "pampa": 230,
            "lu": 46,
            "denominacion": 30
        }
    },
    {
        "pk": 30,
        "model": "salary_calculator_app.cargo",
        "fields": {
            "pampa": 229,
            "lu": 45,
            "denominacion": 29
        }
    },
    {
        "pk": 29,
        "model": "salary_calculator_app.cargo",
        "fields": {
            "pampa": 228,
            "lu": 44,
            "denominacion": 28
        }
    },
    {
        "pk": 37,
        "model": "salary_calculator_app.cargo",
        "fields": {
            "pampa": 235,
            "lu": 55,
            "denominacion": 36
        }
    },
    {
        "pk": 48,
        "model": "salary_calculator_app.cargo",
        "fields": {
            "pampa": 307,
            "lu": 87,
            "denominacion": 47
        }
    },
    {
        "pk": 34,
        "model": "salary_calculator_app.cargo",
        "fields": {
            "pampa": 232,
            "lu": 51,
            "denominacion": 33
        }
    },
    {
        "pk": 49,
        "model": "salary_calculator_app.cargo",
        "fields": {
            "pampa": 308,
            "lu": 88,
            "denominacion": 48
        }
    },
    {
        "pk": 3,
        "model": "salary_calculator_app.cargo",
        "fields": {
            "pampa": 203,
            "lu": 3,
            "denominacion": 3
        }
    },
    {
        "pk": 6,
        "model": "salary_calculator_app.cargo",
        "fields": {
            "pampa": 206,
            "lu": 11,
            "denominacion": 6
        }
    },
    {
        "pk": 53,
        "model": "salary_calculator_app.cargo",
        "fields": {
            "pampa": 312,
            "lu": 92,
            "denominacion": 51
        }
    },
    {
        "pk": 52,
        "model": "salary_calculator_app.cargo",
        "fields": {
            "pampa": 311,
            "lu": 91,
            "denominacion": 50
        }
    },
    {
        "pk": 24,
        "model": "salary_calculator_app.cargo",
        "fields": {
            "pampa": 223,
            "lu": 39,
            "denominacion": 23
        }
    },
    {
        "pk": 23,
        "model": "salary_calculator_app.cargo",
        "fields": {
            "pampa": 222,
            "lu": 38,
            "denominacion": 22
        }
    },
    {
        "pk": 58,
        "model": "salary_calculator_app.cargo",
        "fields": {
            "pampa": 317,
            "lu": 97,
            "denominacion": 56
        }
    },
    {
        "pk": 57,
        "model": "salary_calculator_app.cargo",
        "fields": {
            "pampa": 316,
            "lu": 96,
            "denominacion": 55
        }
    },
    {
        "pk": 28,
        "model": "salary_calculator_app.cargo",
        "fields": {
            "pampa": 227,
            "lu": 43,
            "denominacion": 27
        }
    },
    {
        "pk": 22,
        "model": "salary_calculator_app.cargo",
        "fields": {
            "pampa": 221,
            "lu": 37,
            "denominacion": 21
        }
    },
    {
        "pk": 19,
        "model": "salary_calculator_app.cargo",
        "fields": {
            "pampa": 218,
            "lu": 30,
            "denominacion": 19
        }
    },
    {
        "pk": 21,
        "model": "salary_calculator_app.cargo",
        "fields": {
            "pampa": 220,
            "lu": 35,
            "denominacion": 19
        }
    },
    {
        "pk": 38,
        "model": "salary_calculator_app.cargo",
        "fields": {
            "pampa": 236,
            "lu": 57,
            "denominacion": 37
        }
    },
    {
        "pk": 39,
        "model": "salary_calculator_app.cargo",
        "fields": {
            "pampa": 237,
            "lu": 58,
            "denominacion": 38
        }
    },
    {
        "pk": 40,
        "model": "salary_calculator_app.cargo",
        "fields": {
            "pampa": 238,
            "lu": 59,
            "denominacion": 39
        }
    },
    {
        "pk": 68,
        "model": "salary_calculator_app.cargo",
        "fields": {
            "pampa": 109,
            "lu": 7,
            "denominacion": 62
        }
    },
    {
        "pk": 69,
        "model": "salary_calculator_app.cargo",
        "fields": {
            "pampa": 110,
            "lu": 20,
            "denominacion": 62
        }
    },
    {
        "pk": 70,
        "model": "salary_calculator_app.cargo",
        "fields": {
            "pampa": 111,
            "lu": 31,
            "denominacion": 62
        }
    },
    {
        "pk": 71,
        "model": "salary_calculator_app.cargo",
        "fields": {
            "pampa": 113,
            "lu": 9,
            "denominacion": 63
        }
    },
    {
        "pk": 72,
        "model": "salary_calculator_app.cargo",
        "fields": {
            "pampa": 114,
            "lu": 26,
            "denominacion": 63
        }
    },
    {
        "pk": 73,
        "model": "salary_calculator_app.cargo",
        "fields": {
            "pampa": 115,
            "lu": 32,
            "denominacion": 63
        }
    },
    {
        "pk": 65,
        "model": "salary_calculator_app.cargo",
        "fields": {
            "pampa": 105,
            "lu": 6,
            "denominacion": 61
        }
    },
    {
        "pk": 66,
        "model": "salary_calculator_app.cargo",
        "fields": {
            "pampa": 106,
            "lu": 8,
            "denominacion": 61
        }
    },
    {
        "pk": 67,
        "model": "salary_calculator_app.cargo",
        "fields": {
            "pampa": 107,
            "lu": 54,
            "denominacion": 61
        }
    },
    {
        "pk": 74,
        "model": "salary_calculator_app.cargo",
        "fields": {
            "pampa": 117,
            "lu": 14,
            "denominacion": 64
        }
    },
    {
        "pk": 75,
        "model": "salary_calculator_app.cargo",
        "fields": {
            "pampa": 118,
            "lu": 28,
            "denominacion": 64
        }
    },
    {
        "pk": 76,
        "model": "salary_calculator_app.cargo",
        "fields": {
            "pampa": 119,
            "lu": 34,
            "denominacion": 64
        }
    },
    {
        "pk": 77,
        "model": "salary_calculator_app.cargo",
        "fields": {
            "pampa": 121,
            "lu": 36,
            "denominacion": 65
        }
    },
    {
        "pk": 33,
        "model": "salary_calculator_app.cargo",
        "fields": {
            "pampa": 239,
            "lu": 50,
            "denominacion": 32
        }
    },
    {
        "pk": 4,
        "model": "salary_calculator_app.cargo",
        "fields": {
            "pampa": 204,
            "lu": 4,
            "denominacion": 4
        }
    },
    {
        "pk": 62,
        "model": "salary_calculator_app.cargo",
        "fields": {
            "pampa": 101,
            "lu": 5,
            "denominacion": 60
        }
    },
    {
        "pk": 63,
        "model": "salary_calculator_app.cargo",
        "fields": {
            "pampa": 102,
            "lu": 13,
            "denominacion": 60
        }
    },
    {
        "pk": 64,
        "model": "salary_calculator_app.cargo",
        "fields": {
            "pampa": 103,
            "lu": 27,
            "denominacion": 60
        }
    },
    {
        "pk": 14,
        "model": "salary_calculator_app.cargo",
        "fields": {
            "pampa": 240,
            "lu": 22,
            "denominacion": 14
        }
    },
    {
        "pk": 36,
        "model": "salary_calculator_app.cargo",
        "fields": {
            "pampa": 234,
            "lu": 53,
            "denominacion": 35
        }
    },
    {
        "pk": 32,
        "model": "salary_calculator_app.cargo",
        "fields": {
            "pampa": 231,
            "lu": 49,
            "denominacion": 31
        }
    },
    {
        "pk": 11,
        "model": "salary_calculator_app.cargo",
        "fields": {
            "pampa": 211,
            "lu": 18,
            "denominacion": 11
        }
    },
    {
        "pk": 2,
        "model": "salary_calculator_app.cargo",
        "fields": {
            "pampa": 202,
            "lu": 2,
            "denominacion": 2
        }
    },
    {
        "pk": 44,
        "model": "salary_calculator_app.cargo",
        "fields": {
            "pampa": 303,
            "lu": 83,
            "denominacion": 43
        }
    },
    {
        "pk": 16,
        "model": "salary_calculator_app.cargo",
        "fields": {
            "pampa": 215,
            "lu": 24,
            "denominacion": 16
        }
    },
    {
        "pk": 15,
        "model": "salary_calculator_app.cargo",
        "fields": {
            "pampa": 214,
            "lu": 23,
            "denominacion": 15
        }
    },
    {
        "pk": 17,
        "model": "salary_calculator_app.cargo",
        "fields": {
            "pampa": 216,
            "lu": 25,
            "denominacion": 17
        }
    },
    {
        "pk": 35,
        "model": "salary_calculator_app.cargo",
        "fields": {
            "pampa": 233,
            "lu": 52,
            "denominacion": 34
        }
    },
    {
        "pk": 18,
        "model": "salary_calculator_app.cargo",
        "fields": {
            "pampa": 217,
            "lu": 29,
            "denominacion": 18
        }
    },
    {
        "pk": 47,
        "model": "salary_calculator_app.cargo",
        "fields": {
            "pampa": 306,
            "lu": 86,
            "denominacion": 46
        }
    },
    {
        "pk": 45,
        "model": "salary_calculator_app.cargo",
        "fields": {
            "pampa": 304,
            "lu": 84,
            "denominacion": 44
        }
    },
    {
        "pk": 46,
        "model": "salary_calculator_app.cargo",
        "fields": {
            "pampa": 305,
            "lu": 85,
            "denominacion": 45
        }
    },
    {
        "pk": 43,
        "model": "salary_calculator_app.cargo",
        "fields": {
            "pampa": 302,
            "lu": 82,
            "denominacion": 42
        }
    },
    {
        "pk": 10,
        "model": "salary_calculator_app.cargo",
        "fields": {
            "pampa": 210,
            "lu": 17,
            "denominacion": 10
        }
    },
    {
        "pk": 1,
        "model": "salary_calculator_app.cargo",
        "fields": {
            "pampa": 201,
            "lu": 1,
            "denominacion": 1
        }
    },
    {
        "pk": 26,
        "model": "salary_calculator_app.cargo",
        "fields": {
            "pampa": 225,
            "lu": 41,
            "denominacion": 25
        }
    },
    {
        "pk": 5,
        "model": "salary_calculator_app.denominacioncargo",
        "fields": {
            "nombre": "Asesor Pedago\u0301gico"
        }
    },
    {
        "pk": 7,
        "model": "salary_calculator_app.denominacioncargo",
        "fields": {
            "nombre": "Asesor Psicopedago\u0301gico"
        }
    },
    {
        "pk": 40,
        "model": "salary_calculator_app.denominacioncargo",
        "fields": {
            "nombre": "Auxiliar Docente"
        }
    },
    {
        "pk": 53,
        "model": "salary_calculator_app.denominacioncargo",
        "fields": {
            "nombre": "Ayud. Gabinete Pra\u0301ctico"
        }
    },
    {
        "pk": 52,
        "model": "salary_calculator_app.denominacioncargo",
        "fields": {
            "nombre": "Ayud. Gabinete Pra\u0301ctico D.E"
        }
    },
    {
        "pk": 9,
        "model": "salary_calculator_app.denominacioncargo",
        "fields": {
            "nombre": "Ayudante Clases Pra\u0301ct.(02)"
        }
    },
    {
        "pk": 12,
        "model": "salary_calculator_app.denominacioncargo",
        "fields": {
            "nombre": "Ayudante Clases Pra\u0301cticas"
        }
    },
    {
        "pk": 59,
        "model": "salary_calculator_app.denominacioncargo",
        "fields": {
            "nombre": "Ayudante Gab. Psicoped."
        }
    },
    {
        "pk": 24,
        "model": "salary_calculator_app.denominacioncargo",
        "fields": {
            "nombre": "Ayudante Trab.Pra\u0301cticos"
        }
    },
    {
        "pk": 20,
        "model": "salary_calculator_app.denominacioncargo",
        "fields": {
            "nombre": "Bibliot. Ley 22.416"
        }
    },
    {
        "pk": 26,
        "model": "salary_calculator_app.denominacioncargo",
        "fields": {
            "nombre": "Bibliot.Ens. Superior"
        }
    },
    {
        "pk": 54,
        "model": "salary_calculator_app.denominacioncargo",
        "fields": {
            "nombre": "Bibliotecario D.E"
        }
    },
    {
        "pk": 41,
        "model": "salary_calculator_app.denominacioncargo",
        "fields": {
            "nombre": "Director 1\u00b0 D.E"
        }
    },
    {
        "pk": 8,
        "model": "salary_calculator_app.denominacioncargo",
        "fields": {
            "nombre": "Director Escuela Superior"
        }
    },
    {
        "pk": 13,
        "model": "salary_calculator_app.denominacioncargo",
        "fields": {
            "nombre": "Director de 3\u00b0 Categori\u0301a"
        }
    },
    {
        "pk": 49,
        "model": "salary_calculator_app.denominacioncargo",
        "fields": {
            "nombre": "Gabinetista D.E"
        }
    },
    {
        "pk": 58,
        "model": "salary_calculator_app.denominacioncargo",
        "fields": {
            "nombre": "Horas Ca\u0301tedra Secundario"
        }
    },
    {
        "pk": 57,
        "model": "salary_calculator_app.denominacioncargo",
        "fields": {
            "nombre": "Hs Ca\u0301t. Inherentes a cargos"
        }
    },
    {
        "pk": 30,
        "model": "salary_calculator_app.denominacioncargo",
        "fields": {
            "nombre": "Hs. Ca\u0301t. Inherentes a cargos"
        }
    },
    {
        "pk": 29,
        "model": "salary_calculator_app.denominacioncargo",
        "fields": {
            "nombre": "Hs. Ca\u0301tedra Secundario"
        }
    },
    {
        "pk": 28,
        "model": "salary_calculator_app.denominacioncargo",
        "fields": {
            "nombre": "Hs. Ca\u0301tedra Terciario"
        }
    },
    {
        "pk": 36,
        "model": "salary_calculator_app.denominacioncargo",
        "fields": {
            "nombre": "J.T.P T.C (Esc. Comercio)"
        }
    },
    {
        "pk": 47,
        "model": "salary_calculator_app.denominacioncargo",
        "fields": {
            "nombre": "Jefe Dpto D.E"
        }
    },
    {
        "pk": 33,
        "model": "salary_calculator_app.denominacioncargo",
        "fields": {
            "nombre": "Jefe Equipo Tec.Pedago\u0301gico"
        }
    },
    {
        "pk": 48,
        "model": "salary_calculator_app.denominacioncargo",
        "fields": {
            "nombre": "Jefe Gabinete Psicoped. D.E"
        }
    },
    {
        "pk": 3,
        "model": "salary_calculator_app.denominacioncargo",
        "fields": {
            "nombre": "Jefe Gral Ens.Pra\u0301ctica"
        }
    },
    {
        "pk": 6,
        "model": "salary_calculator_app.denominacioncargo",
        "fields": {
            "nombre": "Jefe Labor. Informa\u0301tica"
        }
    },
    {
        "pk": 51,
        "model": "salary_calculator_app.denominacioncargo",
        "fields": {
            "nombre": "Jefe Preceptores 1\u00b0"
        }
    },
    {
        "pk": 50,
        "model": "salary_calculator_app.denominacioncargo",
        "fields": {
            "nombre": "Jefe Preceptores 1\u00b0 D.E"
        }
    },
    {
        "pk": 23,
        "model": "salary_calculator_app.denominacioncargo",
        "fields": {
            "nombre": "Jefe Preceptores de 1\u00b0"
        }
    },
    {
        "pk": 22,
        "model": "salary_calculator_app.denominacioncargo",
        "fields": {
            "nombre": "Maestro Ayud.Ens.Pra\u0301ctico"
        }
    },
    {
        "pk": 56,
        "model": "salary_calculator_app.denominacioncargo",
        "fields": {
            "nombre": "Preceptor"
        }
    },
    {
        "pk": 55,
        "model": "salary_calculator_app.denominacioncargo",
        "fields": {
            "nombre": "Preceptor D.E"
        }
    },
    {
        "pk": 27,
        "model": "salary_calculator_app.denominacioncargo",
        "fields": {
            "nombre": "Preceptores"
        }
    },
    {
        "pk": 21,
        "model": "salary_calculator_app.denominacioncargo",
        "fields": {
            "nombre": "Prof. Centro Deportivo"
        }
    },
    {
        "pk": 19,
        "model": "salary_calculator_app.denominacioncargo",
        "fields": {
            "nombre": "Prof. Jefe Trab.Pra\u0301cticos"
        }
    },
    {
        "pk": 37,
        "model": "salary_calculator_app.denominacioncargo",
        "fields": {
            "nombre": "Prof. T.P (1)"
        }
    },
    {
        "pk": 38,
        "model": "salary_calculator_app.denominacioncargo",
        "fields": {
            "nombre": "Prof. T.P (2)"
        }
    },
    {
        "pk": 39,
        "model": "salary_calculator_app.denominacioncargo",
        "fields": {
            "nombre": "Prof. T.P (3)"
        }
    },
    {
        "pk": 62,
        "model": "salary_calculator_app.denominacioncargo",
        "fields": {
            "nombre": "Profesor Adjunto"
        }
    },
    {
        "pk": 63,
        "model": "salary_calculator_app.denominacioncargo",
        "fields": {
            "nombre": "Profesor Asistente"
        }
    },
    {
        "pk": 61,
        "model": "salary_calculator_app.denominacioncargo",
        "fields": {
            "nombre": "Profesor Asociado"
        }
    },
    {
        "pk": 64,
        "model": "salary_calculator_app.denominacioncargo",
        "fields": {
            "nombre": "Profesor Ayudante \"A\""
        }
    },
    {
        "pk": 65,
        "model": "salary_calculator_app.denominacioncargo",
        "fields": {
            "nombre": "Profesor Ayudante \"B\""
        }
    },
    {
        "pk": 32,
        "model": "salary_calculator_app.denominacioncargo",
        "fields": {
            "nombre": "Profesor T.P (4)"
        }
    },
    {
        "pk": 4,
        "model": "salary_calculator_app.denominacioncargo",
        "fields": {
            "nombre": "Profesor TC"
        }
    },
    {
        "pk": 60,
        "model": "salary_calculator_app.denominacioncargo",
        "fields": {
            "nombre": "Profesor Titular"
        }
    },
    {
        "pk": 14,
        "model": "salary_calculator_app.denominacioncargo",
        "fields": {
            "nombre": "Prosecretario 1\u00b0 (Esc.Com.)"
        }
    },
    {
        "pk": 35,
        "model": "salary_calculator_app.denominacioncargo",
        "fields": {
            "nombre": "Prosecretario Nivel Superior"
        }
    },
    {
        "pk": 31,
        "model": "salary_calculator_app.denominacioncargo",
        "fields": {
            "nombre": "Rector Educacio\u0301n Arti\u0301stica"
        }
    },
    {
        "pk": 11,
        "model": "salary_calculator_app.denominacioncargo",
        "fields": {
            "nombre": "Rector de 1\u00b0 Categori\u0301a"
        }
    },
    {
        "pk": 2,
        "model": "salary_calculator_app.denominacioncargo",
        "fields": {
            "nombre": "Regente de 1\u00b0"
        }
    },
    {
        "pk": 43,
        "model": "salary_calculator_app.denominacioncargo",
        "fields": {
            "nombre": "Regente de 1\u00b0 D.E"
        }
    },
    {
        "pk": 16,
        "model": "salary_calculator_app.denominacioncargo",
        "fields": {
            "nombre": "Regente de 1\u00b0 Esc.Superior"
        }
    },
    {
        "pk": 15,
        "model": "salary_calculator_app.denominacioncargo",
        "fields": {
            "nombre": "Regente de Esc.Superior"
        }
    },
    {
        "pk": 17,
        "model": "salary_calculator_app.denominacioncargo",
        "fields": {
            "nombre": "Secret. de 1\u00b0 Categori\u0301a"
        }
    },
    {
        "pk": 34,
        "model": "salary_calculator_app.denominacioncargo",
        "fields": {
            "nombre": "Secretario 1\u00b0 Categori\u0301a"
        }
    },
    {
        "pk": 18,
        "model": "salary_calculator_app.denominacioncargo",
        "fields": {
            "nombre": "Secretario Esc.Superior"
        }
    },
    {
        "pk": 46,
        "model": "salary_calculator_app.denominacioncargo",
        "fields": {
            "nombre": "Secretario de 1\u00b0 Categ.D.E"
        }
    },
    {
        "pk": 44,
        "model": "salary_calculator_app.denominacioncargo",
        "fields": {
            "nombre": "Sub Regente de 1\u00b0 Cat. D.E"
        }
    },
    {
        "pk": 45,
        "model": "salary_calculator_app.denominacioncargo",
        "fields": {
            "nombre": "Sub Regente de 1\u00b0 Categori\u0301a"
        }
    },
    {
        "pk": 42,
        "model": "salary_calculator_app.denominacioncargo",
        "fields": {
            "nombre": "Vice Director 1\u00b0 D.E"
        }
    },
    {
        "pk": 10,
        "model": "salary_calculator_app.denominacioncargo",
        "fields": {
            "nombre": "Vice Director Escuela Superior"
        }
    },
    {
        "pk": 1,
        "model": "salary_calculator_app.denominacioncargo",
        "fields": {
            "nombre": "Vice Director de 1\u00b0"
        }
    },
    {
        "pk": 25,
        "model": "salary_calculator_app.denominacioncargo",
        "fields": {
            "nombre": "Vice Rector Escuela Artes"
        }
    },
    {
        "pk": 62,
        "model": "salary_calculator_app.cargouniversitario",
        "fields": {
            "dedicacion": "D.E"
        }
    },
    {
        "pk": 63,
        "model": "salary_calculator_app.cargouniversitario",
        "fields": {
            "dedicacion": "D.S.E"
        }
    },
    {
        "pk": 64,
        "model": "salary_calculator_app.cargouniversitario",
        "fields": {
            "dedicacion": "D.S"
        }
    },
    {
        "pk": 65,
        "model": "salary_calculator_app.cargouniversitario",
        "fields": {
            "dedicacion": "D.E"
        }
    },
    {
        "pk": 66,
        "model": "salary_calculator_app.cargouniversitario",
        "fields": {
            "dedicacion": "D.S.E"
        }
    },
    {
        "pk": 67,
        "model": "salary_calculator_app.cargouniversitario",
        "fields": {
            "dedicacion": "D.S"
        }
    },
    {
        "pk": 68,
        "model": "salary_calculator_app.cargouniversitario",
        "fields": {
            "dedicacion": "D.E"
        }
    },
    {
        "pk": 69,
        "model": "salary_calculator_app.cargouniversitario",
        "fields": {
            "dedicacion": "D.S.E"
        }
    },
    {
        "pk": 70,
        "model": "salary_calculator_app.cargouniversitario",
        "fields": {
            "dedicacion": "D.S"
        }
    },
    {
        "pk": 71,
        "model": "salary_calculator_app.cargouniversitario",
        "fields": {
            "dedicacion": "D.E"
        }
    },
    {
        "pk": 72,
        "model": "salary_calculator_app.cargouniversitario",
        "fields": {
            "dedicacion": "D.S.E"
        }
    },
    {
        "pk": 73,
        "model": "salary_calculator_app.cargouniversitario",
        "fields": {
            "dedicacion": "D.S"
        }
    },
    {
        "pk": 74,
        "model": "salary_calculator_app.cargouniversitario",
        "fields": {
            "dedicacion": "D.E"
        }
    },
    {
        "pk": 75,
        "model": "salary_calculator_app.cargouniversitario",
        "fields": {
            "dedicacion": "D.S.E"
        }
    },
    {
        "pk": 76,
        "model": "salary_calculator_app.cargouniversitario",
        "fields": {
            "dedicacion": "D.S"
        }
    },
    {
        "pk": 77,
        "model": "salary_calculator_app.cargouniversitario",
        "fields": {
            "dedicacion": "D.S"
        }
    },
    {
        "pk": 1,
        "model": "salary_calculator_app.cargopreuniversitario",
        "fields": {
            "horas": 25.0,
            "tipo_horas": "R",
            "pago_por_hora": false
        }
    },
    {
        "pk": 2,
        "model": "salary_calculator_app.cargopreuniversitario",
        "fields": {
            "horas": 25.0,
            "tipo_horas": "R",
            "pago_por_hora": false
        }
    },
    {
        "pk": 3,
        "model": "salary_calculator_app.cargopreuniversitario",
        "fields": {
            "horas": 25.0,
            "tipo_horas": "R",
            "pago_por_hora": false
        }
    },
    {
        "pk": 4,
        "model": "salary_calculator_app.cargopreuniversitario",
        "fields": {
            "horas": 36.0,
            "tipo_horas": "C",
            "pago_por_hora": false
        }
    },
    {
        "pk": 5,
        "model": "salary_calculator_app.cargopreuniversitario",
        "fields": {
            "horas": 36.0,
            "tipo_horas": "C",
            "pago_por_hora": false
        }
    },
    {
        "pk": 6,
        "model": "salary_calculator_app.cargopreuniversitario",
        "fields": {
            "horas": 25.0,
            "tipo_horas": "R",
            "pago_por_hora": false
        }
    },
    {
        "pk": 7,
        "model": "salary_calculator_app.cargopreuniversitario",
        "fields": {
            "horas": 18.0,
            "tipo_horas": "C",
            "pago_por_hora": false
        }
    },
    {
        "pk": 8,
        "model": "salary_calculator_app.cargopreuniversitario",
        "fields": {
            "horas": 35.0,
            "tipo_horas": "R",
            "pago_por_hora": false
        }
    },
    {
        "pk": 9,
        "model": "salary_calculator_app.cargopreuniversitario",
        "fields": {
            "horas": 12.0,
            "tipo_horas": "R",
            "pago_por_hora": false
        }
    },
    {
        "pk": 10,
        "model": "salary_calculator_app.cargopreuniversitario",
        "fields": {
            "horas": 35.0,
            "tipo_horas": "R",
            "pago_por_hora": false
        }
    },
    {
        "pk": 11,
        "model": "salary_calculator_app.cargopreuniversitario",
        "fields": {
            "horas": 25.0,
            "tipo_horas": "R",
            "pago_por_hora": false
        }
    },
    {
        "pk": 12,
        "model": "salary_calculator_app.cargopreuniversitario",
        "fields": {
            "horas": 21.0,
            "tipo_horas": "R",
            "pago_por_hora": false
        }
    },
    {
        "pk": 13,
        "model": "salary_calculator_app.cargopreuniversitario",
        "fields": {
            "horas": 35.0,
            "tipo_horas": "R",
            "pago_por_hora": false
        }
    },
    {
        "pk": 15,
        "model": "salary_calculator_app.cargopreuniversitario",
        "fields": {
            "horas": 25.0,
            "tipo_horas": "R",
            "pago_por_hora": false
        }
    },
    {
        "pk": 16,
        "model": "salary_calculator_app.cargopreuniversitario",
        "fields": {
            "horas": 35.0,
            "tipo_horas": "R",
            "pago_por_hora": false
        }
    },
    {
        "pk": 17,
        "model": "salary_calculator_app.cargopreuniversitario",
        "fields": {
            "horas": 35.0,
            "tipo_horas": "R",
            "pago_por_hora": false
        }
    },
    {
        "pk": 18,
        "model": "salary_calculator_app.cargopreuniversitario",
        "fields": {
            "horas": 25.0,
            "tipo_horas": "R",
            "pago_por_hora": false
        }
    },
    {
        "pk": 19,
        "model": "salary_calculator_app.cargopreuniversitario",
        "fields": {
            "horas": 21.0,
            "tipo_horas": "R",
            "pago_por_hora": false
        }
    },
    {
        "pk": 20,
        "model": "salary_calculator_app.cargopreuniversitario",
        "fields": {
            "horas": 25.0,
            "tipo_horas": "R",
            "pago_por_hora": false
        }
    },
    {
        "pk": 21,
        "model": "salary_calculator_app.cargopreuniversitario",
        "fields": {
            "horas": 21.0,
            "tipo_horas": "R",
            "pago_por_hora": false
        }
    },
    {
        "pk": 22,
        "model": "salary_calculator_app.cargopreuniversitario",
        "fields": {
            "horas": 17.0,
            "tipo_horas": "R",
            "pago_por_hora": false
        }
    },
    {
        "pk": 23,
        "model": "salary_calculator_app.cargopreuniversitario",
        "fields": {
            "horas": 18.0,
            "tipo_horas": "R",
            "pago_por_hora": false
        }
    },
    {
        "pk": 24,
        "model": "salary_calculator_app.cargopreuniversitario",
        "fields": {
            "horas": 25.0,
            "tipo_horas": "R",
            "pago_por_hora": false
        }
    },
    {
        "pk": 25,
        "model": "salary_calculator_app.cargopreuniversitario",
        "fields": {
            "horas": 21.0,
            "tipo_horas": "R",
            "pago_por_hora": false
        }
    },
    {
        "pk": 26,
        "model": "salary_calculator_app.cargopreuniversitario",
        "fields": {
            "horas": 25.0,
            "tipo_horas": "R",
            "pago_por_hora": false
        }
    },
    {
        "pk": 27,
        "model": "salary_calculator_app.cargopreuniversitario",
        "fields": {
            "horas": 25.0,
            "tipo_horas": "R",
            "pago_por_hora": false
        }
    },
    {
        "pk": 28,
        "model": "salary_calculator_app.cargopreuniversitario",
        "fields": {
            "horas": 25.0,
            "tipo_horas": "R",
            "pago_por_hora": false
        }
    },
    {
        "pk": 29,
        "model": "salary_calculator_app.cargopreuniversitario",
        "fields": {
            "horas": 1.0,
            "tipo_horas": "C",
            "pago_por_hora": true
        }
    },
    {
        "pk": 30,
        "model": "salary_calculator_app.cargopreuniversitario",
        "fields": {
            "horas": 1.0,
            "tipo_horas": "C",
            "pago_por_hora": true
        }
    },
    {
        "pk": 31,
        "model": "salary_calculator_app.cargopreuniversitario",
        "fields": {
            "horas": 12.0,
            "tipo_horas": "C",
            "pago_por_hora": false
        }
    },
    {
        "pk": 32,
        "model": "salary_calculator_app.cargopreuniversitario",
        "fields": {
            "horas": 12.0,
            "tipo_horas": "R",
            "pago_por_hora": false
        }
    },
    {
        "pk": 34,
        "model": "salary_calculator_app.cargopreuniversitario",
        "fields": {
            "horas": 25.0,
            "tipo_horas": "R",
            "pago_por_hora": false
        }
    },
    {
        "pk": 35,
        "model": "salary_calculator_app.cargopreuniversitario",
        "fields": {
            "horas": 25.0,
            "tipo_horas": "R",
            "pago_por_hora": false
        }
    },
    {
        "pk": 36,
        "model": "salary_calculator_app.cargopreuniversitario",
        "fields": {
            "horas": 0.0,
            "tipo_horas": "R",
            "pago_por_hora": false
        }
    },
    {
        "pk": 37,
        "model": "salary_calculator_app.cargopreuniversitario",
        "fields": {
            "horas": 15.0,
            "tipo_horas": "R",
            "pago_por_hora": false
        }
    },
    {
        "pk": 38,
        "model": "salary_calculator_app.cargopreuniversitario",
        "fields": {
            "horas": 30.0,
            "tipo_horas": "C",
            "pago_por_hora": false
        }
    },
    {
        "pk": 39,
        "model": "salary_calculator_app.cargopreuniversitario",
        "fields": {
            "horas": 24.0,
            "tipo_horas": "C",
            "pago_por_hora": false
        }
    },
    {
        "pk": 40,
        "model": "salary_calculator_app.cargopreuniversitario",
        "fields": {
            "horas": 18.0,
            "tipo_horas": "C",
            "pago_por_hora": false
        }
    },
    {
        "pk": 33,
        "model": "salary_calculator_app.cargopreuniversitario",
        "fields": {
            "horas": 12.0,
            "tipo_horas": "C",
            "pago_por_hora": false
        }
    },
    {
        "pk": 14,
        "model": "salary_calculator_app.cargopreuniversitario",
        "fields": {
            "horas": 25.0,
            "tipo_horas": "R",
            "pago_por_hora": false
        }
    },
    {
        "pk": 41,
        "model": "salary_calculator_app.cargopreuniversitario",
        "fields": {
            "horas": 25.0,
            "tipo_horas": "R",
            "pago_por_hora": false
        }
    },
    {
        "pk": 61,
        "model": "salary_calculator_app.cargopreuniversitario",
        "fields": {
            "horas": 10.0,
            "tipo_horas": "R",
            "pago_por_hora": false
        }
    },
    {
        "pk": 42,
        "model": "salary_calculator_app.cargopreuniversitario",
        "fields": {
            "horas": 45.0,
            "tipo_horas": "R",
            "pago_por_hora": false
        }
    },
    {
        "pk": 43,
        "model": "salary_calculator_app.cargopreuniversitario",
        "fields": {
            "horas": 45.0,
            "tipo_horas": "R",
            "pago_por_hora": false
        }
    },
    {
        "pk": 44,
        "model": "salary_calculator_app.cargopreuniversitario",
        "fields": {
            "horas": 45.0,
            "tipo_horas": "R",
            "pago_por_hora": false
        }
    },
    {
        "pk": 45,
        "model": "salary_calculator_app.cargopreuniversitario",
        "fields": {
            "horas": 45.0,
            "tipo_horas": "R",
            "pago_por_hora": false
        }
    },
    {
        "pk": 46,
        "model": "salary_calculator_app.cargopreuniversitario",
        "fields": {
            "horas": 27.3,
            "tipo_horas": "R",
            "pago_por_hora": false
        }
    },
    {
        "pk": 47,
        "model": "salary_calculator_app.cargopreuniversitario",
        "fields": {
            "horas": 45.0,
            "tipo_horas": "R",
            "pago_por_hora": false
        }
    },
    {
        "pk": 48,
        "model": "salary_calculator_app.cargopreuniversitario",
        "fields": {
            "horas": 45.0,
            "tipo_horas": "R",
            "pago_por_hora": false
        }
    },
    {
        "pk": 49,
        "model": "salary_calculator_app.cargopreuniversitario",
        "fields": {
            "horas": 45.0,
            "tipo_horas": "R",
            "pago_por_hora": false
        }
    },
    {
        "pk": 50,
        "model": "salary_calculator_app.cargopreuniversitario",
        "fields": {
            "horas": 45.0,
            "tipo_horas": "R",
            "pago_por_hora": false
        }
    },
    {
        "pk": 51,
        "model": "salary_calculator_app.cargopreuniversitario",
        "fields": {
            "horas": 27.3,
            "tipo_horas": "R",
            "pago_por_hora": false
        }
    },
    {
        "pk": 52,
        "model": "salary_calculator_app.cargopreuniversitario",
        "fields": {
            "horas": 45.0,
            "tipo_horas": "R",
            "pago_por_hora": false
        }
    },
    {
        "pk": 53,
        "model": "salary_calculator_app.cargopreuniversitario",
        "fields": {
            "horas": 27.3,
            "tipo_horas": "R",
            "pago_por_hora": false
        }
    },
    {
        "pk": 54,
        "model": "salary_calculator_app.cargopreuniversitario",
        "fields": {
            "horas": 45.0,
            "tipo_horas": "R",
            "pago_por_hora": false
        }
    },
    {
        "pk": 55,
        "model": "salary_calculator_app.cargopreuniversitario",
        "fields": {
            "horas": 15.0,
            "tipo_horas": "R",
            "pago_por_hora": false
        }
    },
    {
        "pk": 56,
        "model": "salary_calculator_app.cargopreuniversitario",
        "fields": {
            "horas": 45.0,
            "tipo_horas": "R",
            "pago_por_hora": false
        }
    },
    {
        "pk": 57,
        "model": "salary_calculator_app.cargopreuniversitario",
        "fields": {
            "horas": 45.0,
            "tipo_horas": "R",
            "pago_por_hora": false
        }
    },
    {
        "pk": 58,
        "model": "salary_calculator_app.cargopreuniversitario",
        "fields": {
            "horas": 27.3,
            "tipo_horas": "R",
            "pago_por_hora": false
        }
    },
    {
        "pk": 60,
        "model": "salary_calculator_app.cargopreuniversitario",
        "fields": {
            "horas": 0.0,
            "tipo_horas": "C",
            "pago_por_hora": true
        }
    },
    {
        "pk": 59,
        "model": "salary_calculator_app.cargopreuniversitario",
        "fields": {
            "horas": 12.0,
            "tipo_horas": "C",
            "pago_por_hora": false
        }
    },
    {
        "pk": 2,
        "model": "salary_calculator_app.retencion",
        "fields": {
            "aplicacion": "T",
            "nombre": "Aporte Fondo Adic. Universitario",
            "codigo": "20/3",
            "modo": "C"
        }
    },
    {
        "pk": 3,
        "model": "salary_calculator_app.retencion",
        "fields": {
            "aplicacion": "T",
            "nombre": "Jubilaci\u00f3n R\u00e9gimen Especial",
            "codigo": "20/9",
            "modo": "C"
        }
    },
    {
        "pk": 4,
        "model": "salary_calculator_app.retencion",
        "fields": {
            "aplicacion": "T",
            "nombre": "Caja Complementaria de Jub. UNC",
            "codigo": "21/0",
            "modo": "C"
        }
    },
    {
        "pk": 5,
        "model": "salary_calculator_app.retencion",
        "fields": {
            "aplicacion": "T",
            "nombre": "Ley 19032 Obra Soc. Jubilados",
            "codigo": "22/0",
            "modo": "C"
        }
    },
    {
        "pk": 1,
        "model": "salary_calculator_app.retencion",
        "fields": {
            "aplicacion": "T",
            "nombre": "DASPU",
            "codigo": "40/0",
            "modo": "P"
        }
    },
    {
        "pk": 11,
        "model": "salary_calculator_app.retencion",
        "fields": {
            "aplicacion": "T",
            "nombre": "Impuesto Ganancias",
            "codigo": "42/0",
            "modo": "P"
        }
    },
    {
        "pk": 6,
        "model": "salary_calculator_app.retencion",
        "fields": {
            "aplicacion": "T",
            "nombre": "ADIUC - Afiliaci\u00f3n",
            "codigo": "64/0",
            "modo": "P"
        }
    },
    {
        "pk": 12,
        "model": "salary_calculator_app.retencion",
        "fields": {
            "aplicacion": "T",
            "nombre": "Seguro de vida Ley 13003",
            "codigo": "70/0",
            "modo": "P"
        }
    },
    {
        "pk": 7,
        "model": "salary_calculator_app.retencion",
        "fields": {
            "aplicacion": "T",
            "nombre": "Sistema Integral de Sepelio (SIS)",
            "codigo": "DAS/1",
            "modo": "P"
        }
    },
    {
        "pk": 9,
        "model": "salary_calculator_app.retencion",
        "fields": {
            "aplicacion": "T",
            "nombre": "Subsidio por fallecimiento",
            "codigo": "DAS/2",
            "modo": "P"
        }
    },
    {
        "pk": 8,
        "model": "salary_calculator_app.retencion",
        "fields": {
            "aplicacion": "T",
            "nombre": "Fondo Solidario",
            "codigo": "DAS/4",
            "modo": "P"
        }
    },
    {
        "pk": 7,
        "model": "salary_calculator_app.remuneracion",
        "fields": {
            "remunerativo": false,
            "bonificable": false,
            "aplicacion": "T",
            "nombre": "Asignaci\u00f3n Familiar",
            "codigo": "---",
            "modo": "P"
        }
    },
    {
        "pk": 14,
        "model": "salary_calculator_app.remuneracion",
        "fields": {
            "remunerativo": true,
            "bonificable": true,
            "aplicacion": "U",
            "nombre": "Nomenclador",
            "codigo": "---",
            "modo": "C"
        }
    },
    {
        "pk": 6,
        "model": "salary_calculator_app.remuneracion",
        "fields": {
            "remunerativo": true,
            "bonificable": true,
            "aplicacion": "T",
            "nombre": "Sueldo B\u00e1sico",
            "codigo": "01/0",
            "modo": "C"
        }
    },
    {
        "pk": 1,
        "model": "salary_calculator_app.remuneracion",
        "fields": {
            "remunerativo": true,
            "bonificable": false,
            "aplicacion": "T",
            "nombre": "Adicional por Antig\u00fcedad",
            "codigo": "03/0",
            "modo": "C"
        }
    },
    {
        "pk": 2,
        "model": "salary_calculator_app.remuneracion",
        "fields": {
            "remunerativo": true,
            "bonificable": false,
            "aplicacion": "U",
            "nombre": "Adicional T\u00edtulo Doctorado",
            "codigo": "05/1",
            "modo": "C"
        }
    },
    {
        "pk": 4,
        "model": "salary_calculator_app.remuneracion",
        "fields": {
            "remunerativo": true,
            "bonificable": false,
            "aplicacion": "U",
            "nombre": "Adicional T\u00edtulo Maestr\u00eda",
            "codigo": "05/2",
            "modo": "C"
        }
    },
    {
        "pk": 3,
        "model": "salary_calculator_app.remuneracion",
        "fields": {
            "remunerativo": true,
            "bonificable": false,
            "aplicacion": "P",
            "nombre": "Adic. T\u00edt. Doctorado Nivel Medio",
            "codigo": "05/3",
            "modo": "C"
        }
    },
    {
        "pk": 5,
        "model": "salary_calculator_app.remuneracion",
        "fields": {
            "remunerativo": true,
            "bonificable": false,
            "aplicacion": "P",
            "nombre": "Adic. T\u00edt. Maestr\u00eda Nivel Medio",
            "codigo": "05/5",
            "modo": "C"
        }
    },
    {
        "pk": 16,
        "model": "salary_calculator_app.remuneracion",
        "fields": {
            "remunerativo": true,
            "bonificable": false,
            "aplicacion": "T",
            "nombre": "Adicional por t\u00edtulo de Especialista",
            "codigo": "05/?",
            "modo": "C"
        }
    },
    {
        "pk": 15,
        "model": "salary_calculator_app.remuneracion",
        "fields": {
            "remunerativo": true,
            "bonificable": true,
            "aplicacion": "U",
            "nombre": "Adic. 8% RHCS 153/03",
            "codigo": "11/8",
            "modo": "C"
        }
    },
    {
        "pk": 8,
        "model": "salary_calculator_app.remuneracion",
        "fields": {
            "remunerativo": false,
            "bonificable": false,
            "aplicacion": "P",
            "nombre": "FONID",
            "codigo": "12/2",
            "modo": "C"
        }
    },
    {
        "pk": 10,
        "model": "salary_calculator_app.remuneracion",
        "fields": {
            "remunerativo": true,
            "bonificable": true,
            "aplicacion": "T",
            "nombre": "Adic. Remunerativo Bonificable",
            "codigo": "30/5",
            "modo": "C"
        }
    },
    {
        "pk": 11,
        "model": "salary_calculator_app.remuneracion",
        "fields": {
            "remunerativo": true,
            "bonificable": true,
            "aplicacion": "T",
            "nombre": "Adic. Remunerativo Bonificable",
            "codigo": "30/6",
            "modo": "C"
        }
    },
    {
        "pk": 12,
        "model": "salary_calculator_app.remuneracion",
        "fields": {
            "remunerativo": true,
            "bonificable": true,
            "aplicacion": "T",
            "nombre": "Adic. Remunerativo Bonificable",
            "codigo": "30/7",
            "modo": "C"
        }
    },
    {
        "pk": 13,
        "model": "salary_calculator_app.remuneracion",
        "fields": {
            "remunerativo": true,
            "bonificable": true,
            "aplicacion": "T",
            "nombre": "Adic. Remunerativo Bonificable",
            "codigo": "30/8",
            "modo": "C"
        }
    },
    {
        "pk": 17,
        "model": "salary_calculator_app.remuneracion",
        "fields": {
            "remunerativo": true,
            "bonificable": true,
            "aplicacion": "T",
            "nombre": "Adic. Remunerativo Bonificable",
            "codigo": "30/?",
            "modo": "C"
        }
    },
    {
        "pk": 2,
        "model": "salary_calculator_app.retencionporcentual",
        "fields": {
            "retencion": 2,
            "vigencia": 14,
            "porcentaje": 2.0
        }
    },
    {
        "pk": 3,
        "model": "salary_calculator_app.retencionporcentual",
        "fields": {
            "retencion": 3,
            "vigencia": 14,
            "porcentaje": 11.0
        }
    },
    {
        "pk": 4,
        "model": "salary_calculator_app.retencionporcentual",
        "fields": {
            "retencion": 4,
            "vigencia": 14,
            "porcentaje": 4.5
        }
    },
    {
        "pk": 5,
        "model": "salary_calculator_app.retencionporcentual",
        "fields": {
            "retencion": 5,
            "vigencia": 14,
            "porcentaje": 3.0
        }
    },
    {
        "pk": 1,
        "model": "salary_calculator_app.retencionporcentual",
        "fields": {
            "retencion": 1,
            "vigencia": 14,
            "porcentaje": 3.0
        }
    },
    {
        "pk": 6,
        "model": "salary_calculator_app.retencionporcentual",
        "fields": {
            "retencion": 6,
            "vigencia": 14,
            "porcentaje": 1.5
        }
    },
    {
        "pk": 11,
        "model": "salary_calculator_app.retencionfija",
        "fields": {
            "retencion": 12,
            "vigencia": 14,
            "valor": 3.8
        }
    },
    {
        "pk": 1,
        "model": "salary_calculator_app.retencionfija",
        "fields": {
            "retencion": 7,
            "vigencia": 1,
            "valor": 7.0
        }
    },
    {
        "pk": 3,
        "model": "salary_calculator_app.retencionfija",
        "fields": {
            "retencion": 9,
            "vigencia": 1,
            "valor": 7.0
        }
    },
    {
        "pk": 2,
        "model": "salary_calculator_app.retencionfija",
        "fields": {
            "retencion": 8,
            "vigencia": 1,
            "valor": 7.0
        }
    },
    {
        "pk": 5,
        "model": "salary_calculator_app.retencionfija",
        "fields": {
            "retencion": 8,
            "vigencia": 1,
            "valor": 13.0
        }
    },
    {
        "pk": 6,
        "model": "salary_calculator_app.retencionfija",
        "fields": {
            "retencion": 8,
            "vigencia": 1,
            "valor": 25.0
        }
    },
    {
        "pk": 7,
        "model": "salary_calculator_app.retencionfija",
        "fields": {
            "retencion": 8,
            "vigencia": 1,
            "valor": 34.0
        }
    },
    {
        "pk": 8,
        "model": "salary_calculator_app.retencionfija",
        "fields": {
            "retencion": 8,
            "vigencia": 1,
            "valor": 40.0
        }
    },
    {
        "pk": 9,
        "model": "salary_calculator_app.retencionfija",
        "fields": {
            "retencion": 8,
            "vigencia": 1,
            "valor": 47.0
        }
    },
    {
        "pk": 10,
        "model": "salary_calculator_app.retencionfija",
        "fields": {
            "retencion": 8,
            "vigencia": 1,
            "valor": 55.0
        }
    },
    {
        "pk": 5,
        "model": "salary_calculator_app.fondosolidario",
        "fields": {
            "concepto": "Fondo solidario para una persona (menor a 55 a\u00f1os)"
        }
    },
    {
        "pk": 6,
        "model": "salary_calculator_app.fondosolidario",
        "fields": {
            "concepto": "Fondo solidario para dos personas (menor a 55 a\u00f1os)"
        }
    },
    {
        "pk": 7,
        "model": "salary_calculator_app.fondosolidario",
        "fields": {
            "concepto": "Fondo solidario para tres personas (menor a 55 a\u00f1os)"
        }
    },
    {
        "pk": 8,
        "model": "salary_calculator_app.fondosolidario",
        "fields": {
            "concepto": "Fondo solidario para cuatro personas (menor a 55 a\u00f1os)"
        }
    },
    {
        "pk": 9,
        "model": "salary_calculator_app.fondosolidario",
        "fields": {
            "concepto": "Fondo solidario para cinco personas o m\u00e1s (menor a 55 a\u00f1os)"
        }
    },
    {
        "pk": 10,
        "model": "salary_calculator_app.fondosolidario",
        "fields": {
            "concepto": "Fondo solidario para una persona (mayor a 55 a\u00f1os)"
        }
    },
    {
        "pk": 63,
        "model": "salary_calculator_app.remuneracionporcentual",
        "fields": {
            "nomenclador": false,
            "remuneracion": 14,
            "vigencia": 5,
            "sobre_referencia": true,
            "porcentaje": 0.0
        }
    },
    {
        "pk": 68,
        "model": "salary_calculator_app.remuneracionporcentual",
        "fields": {
            "nomenclador": false,
            "remuneracion": 14,
            "vigencia": 5,
            "sobre_referencia": true,
            "porcentaje": 0.0
        }
    },
    {
        "pk": 73,
        "model": "salary_calculator_app.remuneracionporcentual",
        "fields": {
            "nomenclador": false,
            "remuneracion": 14,
            "vigencia": 5,
            "sobre_referencia": true,
            "porcentaje": 0.0
        }
    },
    {
        "pk": 74,
        "model": "salary_calculator_app.remuneracionporcentual",
        "fields": {
            "nomenclador": false,
            "remuneracion": 14,
            "vigencia": 5,
            "sobre_referencia": true,
            "porcentaje": 0.0
        }
    },
    {
        "pk": 62,
        "model": "salary_calculator_app.remuneracionporcentual",
        "fields": {
            "nomenclador": false,
            "remuneracion": 14,
            "vigencia": 5,
            "sobre_referencia": true,
            "porcentaje": 0.39
        }
    },
    {
        "pk": 67,
        "model": "salary_calculator_app.remuneracionporcentual",
        "fields": {
            "nomenclador": false,
            "remuneracion": 14,
            "vigencia": 5,
            "sobre_referencia": true,
            "porcentaje": 0.39
        }
    },
    {
        "pk": 72,
        "model": "salary_calculator_app.remuneracionporcentual",
        "fields": {
            "nomenclador": false,
            "remuneracion": 14,
            "vigencia": 5,
            "sobre_referencia": true,
            "porcentaje": 0.39
        }
    },
    {
        "pk": 61,
        "model": "salary_calculator_app.remuneracionporcentual",
        "fields": {
            "nomenclador": false,
            "remuneracion": 14,
            "vigencia": 5,
            "sobre_referencia": true,
            "porcentaje": 0.68
        }
    },
    {
        "pk": 66,
        "model": "salary_calculator_app.remuneracionporcentual",
        "fields": {
            "nomenclador": false,
            "remuneracion": 14,
            "vigencia": 5,
            "sobre_referencia": true,
            "porcentaje": 0.68
        }
    },
    {
        "pk": 71,
        "model": "salary_calculator_app.remuneracionporcentual",
        "fields": {
            "nomenclador": false,
            "remuneracion": 14,
            "vigencia": 5,
            "sobre_referencia": true,
            "porcentaje": 0.68
        }
    },
    {
        "pk": 60,
        "model": "salary_calculator_app.remuneracionporcentual",
        "fields": {
            "nomenclador": false,
            "remuneracion": 14,
            "vigencia": 5,
            "sobre_referencia": true,
            "porcentaje": 0.91
        }
    },
    {
        "pk": 65,
        "model": "salary_calculator_app.remuneracionporcentual",
        "fields": {
            "nomenclador": false,
            "remuneracion": 14,
            "vigencia": 5,
            "sobre_referencia": true,
            "porcentaje": 0.91
        }
    },
    {
        "pk": 70,
        "model": "salary_calculator_app.remuneracionporcentual",
        "fields": {
            "nomenclador": false,
            "remuneracion": 14,
            "vigencia": 5,
            "sobre_referencia": true,
            "porcentaje": 0.91
        }
    },
    {
        "pk": 59,
        "model": "salary_calculator_app.remuneracionporcentual",
        "fields": {
            "nomenclador": false,
            "remuneracion": 14,
            "vigencia": 5,
            "sobre_referencia": true,
            "porcentaje": 1.09
        }
    },
    {
        "pk": 64,
        "model": "salary_calculator_app.remuneracionporcentual",
        "fields": {
            "nomenclador": false,
            "remuneracion": 14,
            "vigencia": 5,
            "sobre_referencia": true,
            "porcentaje": 1.09
        }
    },
    {
        "pk": 69,
        "model": "salary_calculator_app.remuneracionporcentual",
        "fields": {
            "nomenclador": false,
            "remuneracion": 14,
            "vigencia": 5,
            "sobre_referencia": true,
            "porcentaje": 1.09
        }
    },
    {
        "pk": 17,
        "model": "salary_calculator_app.remuneracionporcentual",
        "fields": {
            "nomenclador": false,
            "remuneracion": 1,
            "vigencia": 14,
            "sobre_referencia": false,
            "porcentaje": 0.0
        }
    },
    {
        "pk": 18,
        "model": "salary_calculator_app.remuneracionporcentual",
        "fields": {
            "nomenclador": false,
            "remuneracion": 1,
            "vigencia": 14,
            "sobre_referencia": false,
            "porcentaje": 10.0
        }
    },
    {
        "pk": 19,
        "model": "salary_calculator_app.remuneracionporcentual",
        "fields": {
            "nomenclador": false,
            "remuneracion": 1,
            "vigencia": 14,
            "sobre_referencia": false,
            "porcentaje": 15.0
        }
    },
    {
        "pk": 53,
        "model": "salary_calculator_app.remuneracionporcentual",
        "fields": {
            "nomenclador": false,
            "remuneracion": 1,
            "vigencia": 14,
            "sobre_referencia": false,
            "porcentaje": 15.0
        }
    },
    {
        "pk": 54,
        "model": "salary_calculator_app.remuneracionporcentual",
        "fields": {
            "nomenclador": false,
            "remuneracion": 1,
            "vigencia": 14,
            "sobre_referencia": false,
            "porcentaje": 15.0
        }
    },
    {
        "pk": 5,
        "model": "salary_calculator_app.remuneracionporcentual",
        "fields": {
            "nomenclador": false,
            "remuneracion": 1,
            "vigencia": 14,
            "sobre_referencia": false,
            "porcentaje": 20.0
        }
    },
    {
        "pk": 6,
        "model": "salary_calculator_app.remuneracionporcentual",
        "fields": {
            "nomenclador": false,
            "remuneracion": 1,
            "vigencia": 14,
            "sobre_referencia": false,
            "porcentaje": 20.0
        }
    },
    {
        "pk": 7,
        "model": "salary_calculator_app.remuneracionporcentual",
        "fields": {
            "nomenclador": false,
            "remuneracion": 1,
            "vigencia": 14,
            "sobre_referencia": false,
            "porcentaje": 20.0
        }
    },
    {
        "pk": 40,
        "model": "salary_calculator_app.remuneracionporcentual",
        "fields": {
            "nomenclador": false,
            "remuneracion": 1,
            "vigencia": 14,
            "sobre_referencia": false,
            "porcentaje": 20.0
        }
    },
    {
        "pk": 41,
        "model": "salary_calculator_app.remuneracionporcentual",
        "fields": {
            "nomenclador": false,
            "remuneracion": 1,
            "vigencia": 14,
            "sobre_referencia": false,
            "porcentaje": 20.0
        }
    },
    {
        "pk": 8,
        "model": "salary_calculator_app.remuneracionporcentual",
        "fields": {
            "nomenclador": false,
            "remuneracion": 1,
            "vigencia": 14,
            "sobre_referencia": false,
            "porcentaje": 30.0
        }
    },
    {
        "pk": 20,
        "model": "salary_calculator_app.remuneracionporcentual",
        "fields": {
            "nomenclador": false,
            "remuneracion": 1,
            "vigencia": 14,
            "sobre_referencia": false,
            "porcentaje": 30.0
        }
    },
    {
        "pk": 39,
        "model": "salary_calculator_app.remuneracionporcentual",
        "fields": {
            "nomenclador": false,
            "remuneracion": 1,
            "vigencia": 14,
            "sobre_referencia": false,
            "porcentaje": 30.0
        }
    },
    {
        "pk": 52,
        "model": "salary_calculator_app.remuneracionporcentual",
        "fields": {
            "nomenclador": false,
            "remuneracion": 1,
            "vigencia": 14,
            "sobre_referencia": false,
            "porcentaje": 30.0
        }
    },
    {
        "pk": 9,
        "model": "salary_calculator_app.remuneracionporcentual",
        "fields": {
            "nomenclador": false,
            "remuneracion": 1,
            "vigencia": 14,
            "sobre_referencia": false,
            "porcentaje": 40.0
        }
    },
    {
        "pk": 21,
        "model": "salary_calculator_app.remuneracionporcentual",
        "fields": {
            "nomenclador": false,
            "remuneracion": 1,
            "vigencia": 14,
            "sobre_referencia": false,
            "porcentaje": 40.0
        }
    },
    {
        "pk": 37,
        "model": "salary_calculator_app.remuneracionporcentual",
        "fields": {
            "nomenclador": false,
            "remuneracion": 1,
            "vigencia": 14,
            "sobre_referencia": false,
            "porcentaje": 40.0
        }
    },
    {
        "pk": 38,
        "model": "salary_calculator_app.remuneracionporcentual",
        "fields": {
            "nomenclador": false,
            "remuneracion": 1,
            "vigencia": 14,
            "sobre_referencia": false,
            "porcentaje": 40.0
        }
    },
    {
        "pk": 50,
        "model": "salary_calculator_app.remuneracionporcentual",
        "fields": {
            "nomenclador": false,
            "remuneracion": 1,
            "vigencia": 14,
            "sobre_referencia": false,
            "porcentaje": 40.0
        }
    },
    {
        "pk": 51,
        "model": "salary_calculator_app.remuneracionporcentual",
        "fields": {
            "nomenclador": false,
            "remuneracion": 1,
            "vigencia": 14,
            "sobre_referencia": false,
            "porcentaje": 40.0
        }
    },
    {
        "pk": 10,
        "model": "salary_calculator_app.remuneracionporcentual",
        "fields": {
            "nomenclador": false,
            "remuneracion": 1,
            "vigencia": 14,
            "sobre_referencia": false,
            "porcentaje": 50.0
        }
    },
    {
        "pk": 22,
        "model": "salary_calculator_app.remuneracionporcentual",
        "fields": {
            "nomenclador": false,
            "remuneracion": 1,
            "vigencia": 14,
            "sobre_referencia": false,
            "porcentaje": 50.0
        }
    },
    {
        "pk": 36,
        "model": "salary_calculator_app.remuneracionporcentual",
        "fields": {
            "nomenclador": false,
            "remuneracion": 1,
            "vigencia": 14,
            "sobre_referencia": false,
            "porcentaje": 50.0
        }
    },
    {
        "pk": 49,
        "model": "salary_calculator_app.remuneracionporcentual",
        "fields": {
            "nomenclador": false,
            "remuneracion": 1,
            "vigencia": 14,
            "sobre_referencia": false,
            "porcentaje": 50.0
        }
    },
    {
        "pk": 11,
        "model": "salary_calculator_app.remuneracionporcentual",
        "fields": {
            "nomenclador": false,
            "remuneracion": 1,
            "vigencia": 14,
            "sobre_referencia": false,
            "porcentaje": 60.0
        }
    },
    {
        "pk": 23,
        "model": "salary_calculator_app.remuneracionporcentual",
        "fields": {
            "nomenclador": false,
            "remuneracion": 1,
            "vigencia": 14,
            "sobre_referencia": false,
            "porcentaje": 60.0
        }
    },
    {
        "pk": 34,
        "model": "salary_calculator_app.remuneracionporcentual",
        "fields": {
            "nomenclador": false,
            "remuneracion": 1,
            "vigencia": 14,
            "sobre_referencia": false,
            "porcentaje": 60.0
        }
    },
    {
        "pk": 35,
        "model": "salary_calculator_app.remuneracionporcentual",
        "fields": {
            "nomenclador": false,
            "remuneracion": 1,
            "vigencia": 14,
            "sobre_referencia": false,
            "porcentaje": 60.0
        }
    },
    {
        "pk": 47,
        "model": "salary_calculator_app.remuneracionporcentual",
        "fields": {
            "nomenclador": false,
            "remuneracion": 1,
            "vigencia": 14,
            "sobre_referencia": false,
            "porcentaje": 60.0
        }
    },
    {
        "pk": 48,
        "model": "salary_calculator_app.remuneracionporcentual",
        "fields": {
            "nomenclador": false,
            "remuneracion": 1,
            "vigencia": 14,
            "sobre_referencia": false,
            "porcentaje": 60.0
        }
    },
    {
        "pk": 12,
        "model": "salary_calculator_app.remuneracionporcentual",
        "fields": {
            "nomenclador": false,
            "remuneracion": 1,
            "vigencia": 14,
            "sobre_referencia": false,
            "porcentaje": 70.0
        }
    },
    {
        "pk": 24,
        "model": "salary_calculator_app.remuneracionporcentual",
        "fields": {
            "nomenclador": false,
            "remuneracion": 1,
            "vigencia": 14,
            "sobre_referencia": false,
            "porcentaje": 70.0
        }
    },
    {
        "pk": 33,
        "model": "salary_calculator_app.remuneracionporcentual",
        "fields": {
            "nomenclador": false,
            "remuneracion": 1,
            "vigencia": 14,
            "sobre_referencia": false,
            "porcentaje": 70.0
        }
    },
    {
        "pk": 46,
        "model": "salary_calculator_app.remuneracionporcentual",
        "fields": {
            "nomenclador": false,
            "remuneracion": 1,
            "vigencia": 14,
            "sobre_referencia": false,
            "porcentaje": 70.0
        }
    },
    {
        "pk": 13,
        "model": "salary_calculator_app.remuneracionporcentual",
        "fields": {
            "nomenclador": false,
            "remuneracion": 1,
            "vigencia": 14,
            "sobre_referencia": false,
            "porcentaje": 80.0
        }
    },
    {
        "pk": 25,
        "model": "salary_calculator_app.remuneracionporcentual",
        "fields": {
            "nomenclador": false,
            "remuneracion": 1,
            "vigencia": 14,
            "sobre_referencia": false,
            "porcentaje": 80.0
        }
    },
    {
        "pk": 31,
        "model": "salary_calculator_app.remuneracionporcentual",
        "fields": {
            "nomenclador": false,
            "remuneracion": 1,
            "vigencia": 14,
            "sobre_referencia": false,
            "porcentaje": 80.0
        }
    },
    {
        "pk": 32,
        "model": "salary_calculator_app.remuneracionporcentual",
        "fields": {
            "nomenclador": false,
            "remuneracion": 1,
            "vigencia": 14,
            "sobre_referencia": false,
            "porcentaje": 80.0
        }
    },
    {
        "pk": 44,
        "model": "salary_calculator_app.remuneracionporcentual",
        "fields": {
            "nomenclador": false,
            "remuneracion": 1,
            "vigencia": 14,
            "sobre_referencia": false,
            "porcentaje": 80.0
        }
    },
    {
        "pk": 45,
        "model": "salary_calculator_app.remuneracionporcentual",
        "fields": {
            "nomenclador": false,
            "remuneracion": 1,
            "vigencia": 14,
            "sobre_referencia": false,
            "porcentaje": 80.0
        }
    },
    {
        "pk": 14,
        "model": "salary_calculator_app.remuneracionporcentual",
        "fields": {
            "nomenclador": false,
            "remuneracion": 1,
            "vigencia": 14,
            "sobre_referencia": false,
            "porcentaje": 100.0
        }
    },
    {
        "pk": 26,
        "model": "salary_calculator_app.remuneracionporcentual",
        "fields": {
            "nomenclador": false,
            "remuneracion": 1,
            "vigencia": 14,
            "sobre_referencia": false,
            "porcentaje": 100.0
        }
    },
    {
        "pk": 30,
        "model": "salary_calculator_app.remuneracionporcentual",
        "fields": {
            "nomenclador": false,
            "remuneracion": 1,
            "vigencia": 14,
            "sobre_referencia": false,
            "porcentaje": 100.0
        }
    },
    {
        "pk": 43,
        "model": "salary_calculator_app.remuneracionporcentual",
        "fields": {
            "nomenclador": false,
            "remuneracion": 1,
            "vigencia": 14,
            "sobre_referencia": false,
            "porcentaje": 100.0
        }
    },
    {
        "pk": 15,
        "model": "salary_calculator_app.remuneracionporcentual",
        "fields": {
            "nomenclador": false,
            "remuneracion": 1,
            "vigencia": 14,
            "sobre_referencia": false,
            "porcentaje": 110.0
        }
    },
    {
        "pk": 27,
        "model": "salary_calculator_app.remuneracionporcentual",
        "fields": {
            "nomenclador": false,
            "remuneracion": 1,
            "vigencia": 14,
            "sobre_referencia": false,
            "porcentaje": 110.0
        }
    },
    {
        "pk": 29,
        "model": "salary_calculator_app.remuneracionporcentual",
        "fields": {
            "nomenclador": false,
            "remuneracion": 1,
            "vigencia": 14,
            "sobre_referencia": false,
            "porcentaje": 110.0
        }
    },
    {
        "pk": 42,
        "model": "salary_calculator_app.remuneracionporcentual",
        "fields": {
            "nomenclador": false,
            "remuneracion": 1,
            "vigencia": 14,
            "sobre_referencia": false,
            "porcentaje": 110.0
        }
    },
    {
        "pk": 16,
        "model": "salary_calculator_app.remuneracionporcentual",
        "fields": {
            "nomenclador": false,
            "remuneracion": 1,
            "vigencia": 14,
            "sobre_referencia": false,
            "porcentaje": 120.0
        }
    },
    {
        "pk": 28,
        "model": "salary_calculator_app.remuneracionporcentual",
        "fields": {
            "nomenclador": false,
            "remuneracion": 1,
            "vigencia": 14,
            "sobre_referencia": false,
            "porcentaje": 120.0
        }
    },
    {
        "pk": 1,
        "model": "salary_calculator_app.remuneracionporcentual",
        "fields": {
            "nomenclador": false,
            "remuneracion": 2,
            "vigencia": 14,
            "sobre_referencia": false,
            "porcentaje": 15.0
        }
    },
    {
        "pk": 3,
        "model": "salary_calculator_app.remuneracionporcentual",
        "fields": {
            "nomenclador": false,
            "remuneracion": 4,
            "vigencia": 14,
            "sobre_referencia": false,
            "porcentaje": 5.0
        }
    },
    {
        "pk": 2,
        "model": "salary_calculator_app.remuneracionporcentual",
        "fields": {
            "nomenclador": false,
            "remuneracion": 3,
            "vigencia": 14,
            "sobre_referencia": false,
            "porcentaje": 15.0
        }
    },
    {
        "pk": 4,
        "model": "salary_calculator_app.remuneracionporcentual",
        "fields": {
            "nomenclador": false,
            "remuneracion": 5,
            "vigencia": 14,
            "sobre_referencia": false,
            "porcentaje": 5.0
        }
    },
    {
        "pk": 75,
        "model": "salary_calculator_app.remuneracionporcentual",
        "fields": {
            "nomenclador": false,
            "remuneracion": 16,
            "vigencia": 15,
            "sobre_referencia": false,
            "porcentaje": 2.5
        }
    },
    {
        "pk": 55,
        "model": "salary_calculator_app.remuneracionporcentual",
        "fields": {
            "nomenclador": false,
            "remuneracion": 10,
            "vigencia": 2,
            "sobre_referencia": true,
            "porcentaje": 0.0
        }
    },
    {
        "pk": 56,
        "model": "salary_calculator_app.remuneracionporcentual",
        "fields": {
            "nomenclador": false,
            "remuneracion": 11,
            "vigencia": 3,
            "sobre_referencia": true,
            "porcentaje": 12.0
        }
    },
    {
        "pk": 57,
        "model": "salary_calculator_app.remuneracionporcentual",
        "fields": {
            "nomenclador": false,
            "remuneracion": 12,
            "vigencia": 4,
            "sobre_referencia": true,
            "porcentaje": 18.0
        }
    },
    {
        "pk": 58,
        "model": "salary_calculator_app.remuneracionporcentual",
        "fields": {
            "nomenclador": true,
            "remuneracion": 13,
            "vigencia": 5,
            "sobre_referencia": true,
            "porcentaje": 21.0
        }
    },
    {
        "pk": 76,
        "model": "salary_calculator_app.remuneracionporcentual",
        "fields": {
            "nomenclador": false,
            "remuneracion": 17,
            "vigencia": 9,
            "sobre_referencia": true,
            "porcentaje": 16.0
        }
    },
    {
        "pk": 77,
        "model": "salary_calculator_app.remuneracionporcentual",
        "fields": {
            "nomenclador": false,
            "remuneracion": 17,
            "vigencia": 10,
            "sobre_referencia": true,
            "porcentaje": 18.0
        }
    },
    {
        "pk": 78,
        "model": "salary_calculator_app.remuneracionporcentual",
        "fields": {
            "nomenclador": false,
            "remuneracion": 17,
            "vigencia": 11,
            "sobre_referencia": true,
            "porcentaje": 23.0
        }
    },
    {
        "pk": 79,
        "model": "salary_calculator_app.remuneracionporcentual",
        "fields": {
            "nomenclador": false,
            "remuneracion": 17,
            "vigencia": 12,
            "sobre_referencia": true,
            "porcentaje": 30.5
        }
    },
    {
        "pk": 58,
        "model": "salary_calculator_app.remuneracionfija",
        "fields": {
            "remuneracion": 6,
            "vigencia": 1,
            "valor": 169.24
        }
    },
    {
        "pk": 64,
        "model": "salary_calculator_app.remuneracionfija",
        "fields": {
            "remuneracion": 6,
            "vigencia": 1,
            "valor": 169.24
        }
    },
    {
        "pk": 138,
        "model": "salary_calculator_app.remuneracionfija",
        "fields": {
            "remuneracion": 6,
            "vigencia": 13,
            "valor": 206.1
        }
    },
    {
        "pk": 169,
        "model": "salary_calculator_app.remuneracionfija",
        "fields": {
            "remuneracion": 6,
            "vigencia": 13,
            "valor": 206.1
        }
    },
    {
        "pk": 71,
        "model": "salary_calculator_app.remuneracionfija",
        "fields": {
            "remuneracion": 6,
            "vigencia": 1,
            "valor": 211.55
        }
    },
    {
        "pk": 137,
        "model": "salary_calculator_app.remuneracionfija",
        "fields": {
            "remuneracion": 6,
            "vigencia": 13,
            "valor": 257.626666666667
        }
    },
    {
        "pk": 16,
        "model": "salary_calculator_app.remuneracionfija",
        "fields": {
            "remuneracion": 6,
            "vigencia": 1,
            "valor": 819.12
        }
    },
    {
        "pk": 109,
        "model": "salary_calculator_app.remuneracionfija",
        "fields": {
            "remuneracion": 6,
            "vigencia": 13,
            "valor": 995.75
        }
    },
    {
        "pk": 15,
        "model": "salary_calculator_app.remuneracionfija",
        "fields": {
            "remuneracion": 6,
            "vigencia": 1,
            "valor": 1023.8
        }
    },
    {
        "pk": 14,
        "model": "salary_calculator_app.remuneracionfija",
        "fields": {
            "remuneracion": 6,
            "vigencia": 1,
            "valor": 1195.18
        }
    },
    {
        "pk": 108,
        "model": "salary_calculator_app.remuneracionfija",
        "fields": {
            "remuneracion": 6,
            "vigencia": 13,
            "valor": 1243.84
        }
    },
    {
        "pk": 13,
        "model": "salary_calculator_app.remuneracionfija",
        "fields": {
            "remuneracion": 6,
            "vigencia": 1,
            "valor": 1366.62
        }
    },
    {
        "pk": 107,
        "model": "salary_calculator_app.remuneracionfija",
        "fields": {
            "remuneracion": 6,
            "vigencia": 13,
            "valor": 1456.31
        }
    },
    {
        "pk": 82,
        "model": "salary_calculator_app.remuneracionfija",
        "fields": {
            "remuneracion": 6,
            "vigencia": 1,
            "valor": 1497.01
        }
    },
    {
        "pk": 131,
        "model": "salary_calculator_app.remuneracionfija",
        "fields": {
            "remuneracion": 6,
            "vigencia": 1,
            "valor": 1497.01
        }
    },
    {
        "pk": 12,
        "model": "salary_calculator_app.remuneracionfija",
        "fields": {
            "remuneracion": 6,
            "vigencia": 1,
            "valor": 1538.07
        }
    },
    {
        "pk": 91,
        "model": "salary_calculator_app.remuneracionfija",
        "fields": {
            "remuneracion": 6,
            "vigencia": 1,
            "valor": 1592.44
        }
    },
    {
        "pk": 161,
        "model": "salary_calculator_app.remuneracionfija",
        "fields": {
            "remuneracion": 6,
            "vigencia": 1,
            "valor": 1592.44
        }
    },
    {
        "pk": 81,
        "model": "salary_calculator_app.remuneracionfija",
        "fields": {
            "remuneracion": 6,
            "vigencia": 1,
            "valor": 1621.95
        }
    },
    {
        "pk": 130,
        "model": "salary_calculator_app.remuneracionfija",
        "fields": {
            "remuneracion": 6,
            "vigencia": 1,
            "valor": 1621.95
        }
    },
    {
        "pk": 106,
        "model": "salary_calculator_app.remuneracionfija",
        "fields": {
            "remuneracion": 6,
            "vigencia": 13,
            "valor": 1669.02
        }
    },
    {
        "pk": 11,
        "model": "salary_calculator_app.remuneracionfija",
        "fields": {
            "remuneracion": 6,
            "vigencia": 1,
            "valor": 1709.47
        }
    },
    {
        "pk": 75,
        "model": "salary_calculator_app.remuneracionfija",
        "fields": {
            "remuneracion": 6,
            "vigencia": 1,
            "valor": 1749.7
        }
    },
    {
        "pk": 83,
        "model": "salary_calculator_app.remuneracionfija",
        "fields": {
            "remuneracion": 6,
            "vigencia": 1,
            "valor": 1749.7
        }
    },
    {
        "pk": 121,
        "model": "salary_calculator_app.remuneracionfija",
        "fields": {
            "remuneracion": 6,
            "vigencia": 1,
            "valor": 1749.7
        }
    },
    {
        "pk": 133,
        "model": "salary_calculator_app.remuneracionfija",
        "fields": {
            "remuneracion": 6,
            "vigencia": 1,
            "valor": 1749.7
        }
    },
    {
        "pk": 79,
        "model": "salary_calculator_app.remuneracionfija",
        "fields": {
            "remuneracion": 6,
            "vigencia": 1,
            "valor": 1769.2
        }
    },
    {
        "pk": 80,
        "model": "salary_calculator_app.remuneracionfija",
        "fields": {
            "remuneracion": 6,
            "vigencia": 1,
            "valor": 1769.2
        }
    },
    {
        "pk": 127,
        "model": "salary_calculator_app.remuneracionfija",
        "fields": {
            "remuneracion": 6,
            "vigencia": 1,
            "valor": 1769.2
        }
    },
    {
        "pk": 129,
        "model": "salary_calculator_app.remuneracionfija",
        "fields": {
            "remuneracion": 6,
            "vigencia": 1,
            "valor": 1769.2
        }
    },
    {
        "pk": 78,
        "model": "salary_calculator_app.remuneracionfija",
        "fields": {
            "remuneracion": 6,
            "vigencia": 1,
            "valor": 1786.14
        }
    },
    {
        "pk": 86,
        "model": "salary_calculator_app.remuneracionfija",
        "fields": {
            "remuneracion": 6,
            "vigencia": 1,
            "valor": 1786.14
        }
    },
    {
        "pk": 125,
        "model": "salary_calculator_app.remuneracionfija",
        "fields": {
            "remuneracion": 6,
            "vigencia": 1,
            "valor": 1786.14
        }
    },
    {
        "pk": 143,
        "model": "salary_calculator_app.remuneracionfija",
        "fields": {
            "remuneracion": 6,
            "vigencia": 1,
            "valor": 1786.14
        }
    },
    {
        "pk": 105,
        "model": "salary_calculator_app.remuneracionfija",
        "fields": {
            "remuneracion": 6,
            "vigencia": 13,
            "valor": 1881.93
        }
    },
    {
        "pk": 42,
        "model": "salary_calculator_app.remuneracionfija",
        "fields": {
            "remuneracion": 6,
            "vigencia": 1,
            "valor": 1896.14
        }
    },
    {
        "pk": 65,
        "model": "salary_calculator_app.remuneracionfija",
        "fields": {
            "remuneracion": 6,
            "vigencia": 1,
            "valor": 1988.92
        }
    },
    {
        "pk": 76,
        "model": "salary_calculator_app.remuneracionfija",
        "fields": {
            "remuneracion": 6,
            "vigencia": 1,
            "valor": 1994.97
        }
    },
    {
        "pk": 122,
        "model": "salary_calculator_app.remuneracionfija",
        "fields": {
            "remuneracion": 6,
            "vigencia": 1,
            "valor": 1994.97
        }
    },
    {
        "pk": 56,
        "model": "salary_calculator_app.remuneracionfija",
        "fields": {
            "remuneracion": 6,
            "vigencia": 1,
            "valor": 2030.88
        }
    },
    {
        "pk": 63,
        "model": "salary_calculator_app.remuneracionfija",
        "fields": {
            "remuneracion": 6,
            "vigencia": 1,
            "valor": 2030.88
        }
    },
    {
        "pk": 10,
        "model": "salary_calculator_app.remuneracionfija",
        "fields": {
            "remuneracion": 6,
            "vigencia": 1,
            "valor": 2049.21
        }
    },
    {
        "pk": 59,
        "model": "salary_calculator_app.remuneracionfija",
        "fields": {
            "remuneracion": 6,
            "vigencia": 1,
            "valor": 2092.09
        }
    },
    {
        "pk": 104,
        "model": "salary_calculator_app.remuneracionfija",
        "fields": {
            "remuneracion": 6,
            "vigencia": 13,
            "valor": 2094.26
        }
    },
    {
        "pk": 92,
        "model": "salary_calculator_app.remuneracionfija",
        "fields": {
            "remuneracion": 6,
            "vigencia": 1,
            "valor": 2196.98
        }
    },
    {
        "pk": 164,
        "model": "salary_calculator_app.remuneracionfija",
        "fields": {
            "remuneracion": 6,
            "vigencia": 1,
            "valor": 2196.98
        }
    },
    {
        "pk": 85,
        "model": "salary_calculator_app.remuneracionfija",
        "fields": {
            "remuneracion": 6,
            "vigencia": 1,
            "valor": 2198.41
        }
    },
    {
        "pk": 140,
        "model": "salary_calculator_app.remuneracionfija",
        "fields": {
            "remuneracion": 6,
            "vigencia": 1,
            "valor": 2198.41
        }
    },
    {
        "pk": 77,
        "model": "salary_calculator_app.remuneracionfija",
        "fields": {
            "remuneracion": 6,
            "vigencia": 1,
            "valor": 2219.31
        }
    },
    {
        "pk": 124,
        "model": "salary_calculator_app.remuneracionfija",
        "fields": {
            "remuneracion": 6,
            "vigencia": 1,
            "valor": 2219.31
        }
    },
    {
        "pk": 69,
        "model": "salary_calculator_app.remuneracionfija",
        "fields": {
            "remuneracion": 6,
            "vigencia": 1,
            "valor": 2220.15
        }
    },
    {
        "pk": 67,
        "model": "salary_calculator_app.remuneracionfija",
        "fields": {
            "remuneracion": 6,
            "vigencia": 1,
            "valor": 2229.88
        }
    },
    {
        "pk": 93,
        "model": "salary_calculator_app.remuneracionfija",
        "fields": {
            "remuneracion": 6,
            "vigencia": 1,
            "valor": 2230.53
        }
    },
    {
        "pk": 166,
        "model": "salary_calculator_app.remuneracionfija",
        "fields": {
            "remuneracion": 6,
            "vigencia": 1,
            "valor": 2230.53
        }
    },
    {
        "pk": 90,
        "model": "salary_calculator_app.remuneracionfija",
        "fields": {
            "remuneracion": 6,
            "vigencia": 1,
            "valor": 2264.08
        }
    },
    {
        "pk": 160,
        "model": "salary_calculator_app.remuneracionfija",
        "fields": {
            "remuneracion": 6,
            "vigencia": 1,
            "valor": 2264.08
        }
    },
    {
        "pk": 151,
        "model": "salary_calculator_app.remuneracionfija",
        "fields": {
            "remuneracion": 6,
            "vigencia": 13,
            "valor": 2294.3294
        }
    },
    {
        "pk": 74,
        "model": "salary_calculator_app.remuneracionfija",
        "fields": {
            "remuneracion": 6,
            "vigencia": 1,
            "valor": 2306.97
        }
    },
    {
        "pk": 84,
        "model": "salary_calculator_app.remuneracionfija",
        "fields": {
            "remuneracion": 6,
            "vigencia": 1,
            "valor": 2306.97
        }
    },
    {
        "pk": 119,
        "model": "salary_calculator_app.remuneracionfija",
        "fields": {
            "remuneracion": 6,
            "vigencia": 1,
            "valor": 2306.97
        }
    },
    {
        "pk": 134,
        "model": "salary_calculator_app.remuneracionfija",
        "fields": {
            "remuneracion": 6,
            "vigencia": 1,
            "valor": 2306.97
        }
    },
    {
        "pk": 88,
        "model": "salary_calculator_app.remuneracionfija",
        "fields": {
            "remuneracion": 6,
            "vigencia": 1,
            "valor": 2309.53
        }
    },
    {
        "pk": 158,
        "model": "salary_calculator_app.remuneracionfija",
        "fields": {
            "remuneracion": 6,
            "vigencia": 1,
            "valor": 2309.53
        }
    },
    {
        "pk": 89,
        "model": "salary_calculator_app.remuneracionfija",
        "fields": {
            "remuneracion": 6,
            "vigencia": 1,
            "valor": 2329.0
        }
    },
    {
        "pk": 159,
        "model": "salary_calculator_app.remuneracionfija",
        "fields": {
            "remuneracion": 6,
            "vigencia": 1,
            "valor": 2329.0
        }
    },
    {
        "pk": 9,
        "model": "salary_calculator_app.remuneracionfija",
        "fields": {
            "remuneracion": 6,
            "vigencia": 1,
            "valor": 2392.05
        }
    },
    {
        "pk": 118,
        "model": "salary_calculator_app.remuneracionfija",
        "fields": {
            "remuneracion": 6,
            "vigencia": 13,
            "valor": 2406.58715
        }
    },
    {
        "pk": 39,
        "model": "salary_calculator_app.remuneracionfija",
        "fields": {
            "remuneracion": 6,
            "vigencia": 1,
            "valor": 2430.97
        }
    },
    {
        "pk": 73,
        "model": "salary_calculator_app.remuneracionfija",
        "fields": {
            "remuneracion": 6,
            "vigencia": 1,
            "valor": 2445.48
        }
    },
    {
        "pk": 117,
        "model": "salary_calculator_app.remuneracionfija",
        "fields": {
            "remuneracion": 6,
            "vigencia": 1,
            "valor": 2445.48
        }
    },
    {
        "pk": 40,
        "model": "salary_calculator_app.remuneracionfija",
        "fields": {
            "remuneracion": 6,
            "vigencia": 1,
            "valor": 2446.42
        }
    },
    {
        "pk": 139,
        "model": "salary_calculator_app.remuneracionfija",
        "fields": {
            "remuneracion": 6,
            "vigencia": 13,
            "valor": 2473.2
        }
    },
    {
        "pk": 170,
        "model": "salary_calculator_app.remuneracionfija",
        "fields": {
            "remuneracion": 6,
            "vigencia": 13,
            "valor": 2473.2
        }
    },
    {
        "pk": 103,
        "model": "salary_calculator_app.remuneracionfija",
        "fields": {
            "remuneracion": 6,
            "vigencia": 13,
            "valor": 2497.24
        }
    },
    {
        "pk": 148,
        "model": "salary_calculator_app.remuneracionfija",
        "fields": {
            "remuneracion": 6,
            "vigencia": 13,
            "valor": 2531.42285
        }
    },
    {
        "pk": 33,
        "model": "salary_calculator_app.remuneracionfija",
        "fields": {
            "remuneracion": 6,
            "vigencia": 1,
            "valor": 2549.53
        }
    },
    {
        "pk": 35,
        "model": "salary_calculator_app.remuneracionfija",
        "fields": {
            "remuneracion": 6,
            "vigencia": 1,
            "valor": 2572.45
        }
    },
    {
        "pk": 144,
        "model": "salary_calculator_app.remuneracionfija",
        "fields": {
            "remuneracion": 6,
            "vigencia": 13,
            "valor": 2686.3815
        }
    },
    {
        "pk": 165,
        "model": "salary_calculator_app.remuneracionfija",
        "fields": {
            "remuneracion": 6,
            "vigencia": 13,
            "valor": 2698.1548
        }
    },
    {
        "pk": 8,
        "model": "salary_calculator_app.remuneracionfija",
        "fields": {
            "remuneracion": 6,
            "vigencia": 1,
            "valor": 2734.95
        }
    },
    {
        "pk": 36,
        "model": "salary_calculator_app.remuneracionfija",
        "fields": {
            "remuneracion": 6,
            "vigencia": 1,
            "valor": 2741.75
        }
    },
    {
        "pk": 66,
        "model": "salary_calculator_app.remuneracionfija",
        "fields": {
            "remuneracion": 6,
            "vigencia": 1,
            "valor": 2856.0
        }
    },
    {
        "pk": 102,
        "model": "salary_calculator_app.remuneracionfija",
        "fields": {
            "remuneracion": 6,
            "vigencia": 13,
            "valor": 2922.37
        }
    },
    {
        "pk": 128,
        "model": "salary_calculator_app.remuneracionfija",
        "fields": {
            "remuneracion": 6,
            "vigencia": 13,
            "valor": 2941.47733
        }
    },
    {
        "pk": 135,
        "model": "salary_calculator_app.remuneracionfija",
        "fields": {
            "remuneracion": 6,
            "vigencia": 13,
            "valor": 2960.16215
        }
    },
    {
        "pk": 38,
        "model": "salary_calculator_app.remuneracionfija",
        "fields": {
            "remuneracion": 6,
            "vigencia": 1,
            "valor": 2993.99
        }
    },
    {
        "pk": 87,
        "model": "salary_calculator_app.remuneracionfija",
        "fields": {
            "remuneracion": 6,
            "vigencia": 1,
            "valor": 3039.92
        }
    },
    {
        "pk": 154,
        "model": "salary_calculator_app.remuneracionfija",
        "fields": {
            "remuneracion": 6,
            "vigencia": 1,
            "valor": 3039.92
        }
    },
    {
        "pk": 41,
        "model": "salary_calculator_app.remuneracionfija",
        "fields": {
            "remuneracion": 6,
            "vigencia": 1,
            "valor": 3046.32
        }
    },
    {
        "pk": 62,
        "model": "salary_calculator_app.remuneracionfija",
        "fields": {
            "remuneracion": 6,
            "vigencia": 1,
            "valor": 3046.32
        }
    },
    {
        "pk": 7,
        "model": "salary_calculator_app.remuneracionfija",
        "fields": {
            "remuneracion": 6,
            "vigencia": 1,
            "valor": 3077.92
        }
    },
    {
        "pk": 136,
        "model": "salary_calculator_app.remuneracionfija",
        "fields": {
            "remuneracion": 6,
            "vigencia": 13,
            "valor": 3133.0
        }
    },
    {
        "pk": 48,
        "model": "salary_calculator_app.remuneracionfija",
        "fields": {
            "remuneracion": 6,
            "vigencia": 1,
            "valor": 3290.75
        }
    },
    {
        "pk": 50,
        "model": "salary_calculator_app.remuneracionfija",
        "fields": {
            "remuneracion": 6,
            "vigencia": 1,
            "valor": 3293.47
        }
    },
    {
        "pk": 55,
        "model": "salary_calculator_app.remuneracionfija",
        "fields": {
            "remuneracion": 6,
            "vigencia": 1,
            "valor": 3300.25
        }
    },
    {
        "pk": 101,
        "model": "salary_calculator_app.remuneracionfija",
        "fields": {
            "remuneracion": 6,
            "vigencia": 13,
            "valor": 3347.96
        }
    },
    {
        "pk": 6,
        "model": "salary_calculator_app.remuneracionfija",
        "fields": {
            "remuneracion": 6,
            "vigencia": 1,
            "valor": 3420.72
        }
    },
    {
        "pk": 168,
        "model": "salary_calculator_app.remuneracionfija",
        "fields": {
            "remuneracion": 6,
            "vigencia": 13,
            "valor": 3421.236
        }
    },
    {
        "pk": 68,
        "model": "salary_calculator_app.remuneracionfija",
        "fields": {
            "remuneracion": 6,
            "vigencia": 1,
            "valor": 3427.0
        }
    },
    {
        "pk": 150,
        "model": "salary_calculator_app.remuneracionfija",
        "fields": {
            "remuneracion": 6,
            "vigencia": 13,
            "valor": 3455.76
        }
    },
    {
        "pk": 52,
        "model": "salary_calculator_app.remuneracionfija",
        "fields": {
            "remuneracion": 6,
            "vigencia": 1,
            "valor": 3617.5
        }
    },
    {
        "pk": 72,
        "model": "salary_calculator_app.remuneracionfija",
        "fields": {
            "remuneracion": 6,
            "vigencia": 1,
            "valor": 3618.6
        }
    },
    {
        "pk": 116,
        "model": "salary_calculator_app.remuneracionfija",
        "fields": {
            "remuneracion": 6,
            "vigencia": 13,
            "valor": 3686.0472
        }
    },
    {
        "pk": 147,
        "model": "salary_calculator_app.remuneracionfija",
        "fields": {
            "remuneracion": 6,
            "vigencia": 13,
            "valor": 3709.8
        }
    },
    {
        "pk": 132,
        "model": "salary_calculator_app.remuneracionfija",
        "fields": {
            "remuneracion": 6,
            "vigencia": 13,
            "valor": 3759.5
        }
    },
    {
        "pk": 100,
        "model": "salary_calculator_app.remuneracionfija",
        "fields": {
            "remuneracion": 6,
            "vigencia": 13,
            "valor": 3774.04
        }
    },
    {
        "pk": 61,
        "model": "salary_calculator_app.remuneracionfija",
        "fields": {
            "remuneracion": 6,
            "vigencia": 1,
            "valor": 4061.76
        }
    },
    {
        "pk": 5,
        "model": "salary_calculator_app.remuneracionfija",
        "fields": {
            "remuneracion": 6,
            "vigencia": 1,
            "valor": 4101.53
        }
    },
    {
        "pk": 163,
        "model": "salary_calculator_app.remuneracionfija",
        "fields": {
            "remuneracion": 6,
            "vigencia": 13,
            "valor": 4105.374
        }
    },
    {
        "pk": 123,
        "model": "salary_calculator_app.remuneracionfija",
        "fields": {
            "remuneracion": 6,
            "vigencia": 13,
            "valor": 4127.5
        }
    },
    {
        "pk": 156,
        "model": "salary_calculator_app.remuneracionfija",
        "fields": {
            "remuneracion": 6,
            "vigencia": 13,
            "valor": 4131.036
        }
    },
    {
        "pk": 149,
        "model": "salary_calculator_app.remuneracionfija",
        "fields": {
            "remuneracion": 6,
            "vigencia": 13,
            "valor": 4139.5
        }
    },
    {
        "pk": 115,
        "model": "salary_calculator_app.remuneracionfija",
        "fields": {
            "remuneracion": 6,
            "vigencia": 13,
            "valor": 4173.5
        }
    },
    {
        "pk": 99,
        "model": "salary_calculator_app.remuneracionfija",
        "fields": {
            "remuneracion": 6,
            "vigencia": 13,
            "valor": 4198.91
        }
    },
    {
        "pk": 141,
        "model": "salary_calculator_app.remuneracionfija",
        "fields": {
            "remuneracion": 6,
            "vigencia": 13,
            "valor": 4378.506
        }
    },
    {
        "pk": 70,
        "model": "salary_calculator_app.remuneracionfija",
        "fields": {
            "remuneracion": 6,
            "vigencia": 1,
            "valor": 4442.5
        }
    },
    {
        "pk": 53,
        "model": "salary_calculator_app.remuneracionfija",
        "fields": {
            "remuneracion": 6,
            "vigencia": 1,
            "valor": 4511.53
        }
    },
    {
        "pk": 126,
        "model": "salary_calculator_app.remuneracionfija",
        "fields": {
            "remuneracion": 6,
            "vigencia": 13,
            "valor": 4537.5
        }
    },
    {
        "pk": 34,
        "model": "salary_calculator_app.remuneracionfija",
        "fields": {
            "remuneracion": 6,
            "vigencia": 1,
            "valor": 4589.17
        }
    },
    {
        "pk": 4,
        "model": "salary_calculator_app.remuneracionfija",
        "fields": {
            "remuneracion": 6,
            "vigencia": 1,
            "valor": 4786.34
        }
    },
    {
        "pk": 47,
        "model": "salary_calculator_app.remuneracionfija",
        "fields": {
            "remuneracion": 6,
            "vigencia": 1,
            "valor": 4830.76
        }
    },
    {
        "pk": 37,
        "model": "salary_calculator_app.remuneracionfija",
        "fields": {
            "remuneracion": 6,
            "vigencia": 1,
            "valor": 4935.15
        }
    },
    {
        "pk": 146,
        "model": "salary_calculator_app.remuneracionfija",
        "fields": {
            "remuneracion": 6,
            "vigencia": 13,
            "valor": 4946.4
        }
    },
    {
        "pk": 98,
        "model": "salary_calculator_app.remuneracionfija",
        "fields": {
            "remuneracion": 6,
            "vigencia": 13,
            "valor": 5012.84
        }
    },
    {
        "pk": 60,
        "model": "salary_calculator_app.remuneracionfija",
        "fields": {
            "remuneracion": 6,
            "vigencia": 1,
            "valor": 5077.2
        }
    },
    {
        "pk": 45,
        "model": "salary_calculator_app.remuneracionfija",
        "fields": {
            "remuneracion": 6,
            "vigencia": 1,
            "valor": 5079.6
        }
    },
    {
        "pk": 43,
        "model": "salary_calculator_app.remuneracionfija",
        "fields": {
            "remuneracion": 6,
            "vigencia": 1,
            "valor": 5394.5
        }
    },
    {
        "pk": 112,
        "model": "salary_calculator_app.remuneracionfija",
        "fields": {
            "remuneracion": 6,
            "vigencia": 13,
            "valor": 5410.25
        }
    },
    {
        "pk": 49,
        "model": "salary_calculator_app.remuneracionfija",
        "fields": {
            "remuneracion": 6,
            "vigencia": 1,
            "valor": 5428.8
        }
    },
    {
        "pk": 142,
        "model": "salary_calculator_app.remuneracionfija",
        "fields": {
            "remuneracion": 6,
            "vigencia": 13,
            "valor": 5458.9513
        }
    },
    {
        "pk": 3,
        "model": "salary_calculator_app.remuneracionfija",
        "fields": {
            "remuneracion": 6,
            "vigencia": 1,
            "valor": 5474.84
        }
    },
    {
        "pk": 167,
        "model": "salary_calculator_app.remuneracionfija",
        "fields": {
            "remuneracion": 6,
            "vigencia": 13,
            "valor": 5639.4
        }
    },
    {
        "pk": 111,
        "model": "salary_calculator_app.remuneracionfija",
        "fields": {
            "remuneracion": 6,
            "vigencia": 13,
            "valor": 5845.2196
        }
    },
    {
        "pk": 97,
        "model": "salary_calculator_app.remuneracionfija",
        "fields": {
            "remuneracion": 6,
            "vigencia": 13,
            "valor": 5865.98
        }
    },
    {
        "pk": 51,
        "model": "salary_calculator_app.remuneracionfija",
        "fields": {
            "remuneracion": 6,
            "vigencia": 1,
            "valor": 6092.64
        }
    },
    {
        "pk": 57,
        "model": "salary_calculator_app.remuneracionfija",
        "fields": {
            "remuneracion": 6,
            "vigencia": 1,
            "valor": 6092.64
        }
    },
    {
        "pk": 110,
        "model": "salary_calculator_app.remuneracionfija",
        "fields": {
            "remuneracion": 6,
            "vigencia": 13,
            "valor": 6146.316
        }
    },
    {
        "pk": 2,
        "model": "salary_calculator_app.remuneracionfija",
        "fields": {
            "remuneracion": 6,
            "vigencia": 1,
            "valor": 6162.16
        }
    },
    {
        "pk": 145,
        "model": "salary_calculator_app.remuneracionfija",
        "fields": {
            "remuneracion": 6,
            "vigencia": 13,
            "valor": 6183.0
        }
    },
    {
        "pk": 54,
        "model": "salary_calculator_app.remuneracionfija",
        "fields": {
            "remuneracion": 6,
            "vigencia": 1,
            "valor": 6511.5
        }
    },
    {
        "pk": 96,
        "model": "salary_calculator_app.remuneracionfija",
        "fields": {
            "remuneracion": 6,
            "vigencia": 13,
            "valor": 6725.08
        }
    },
    {
        "pk": 120,
        "model": "salary_calculator_app.remuneracionfija",
        "fields": {
            "remuneracion": 6,
            "vigencia": 13,
            "valor": 6766.5
        }
    },
    {
        "pk": 162,
        "model": "salary_calculator_app.remuneracionfija",
        "fields": {
            "remuneracion": 6,
            "vigencia": 13,
            "valor": 6767.1
        }
    },
    {
        "pk": 155,
        "model": "salary_calculator_app.remuneracionfija",
        "fields": {
            "remuneracion": 6,
            "vigencia": 13,
            "valor": 6809.4
        }
    },
    {
        "pk": 1,
        "model": "salary_calculator_app.remuneracionfija",
        "fields": {
            "remuneracion": 6,
            "vigencia": 1,
            "valor": 6848.33
        }
    },
    {
        "pk": 114,
        "model": "salary_calculator_app.remuneracionfija",
        "fields": {
            "remuneracion": 6,
            "vigencia": 13,
            "valor": 7372.0944
        }
    },
    {
        "pk": 113,
        "model": "salary_calculator_app.remuneracionfija",
        "fields": {
            "remuneracion": 6,
            "vigencia": 13,
            "valor": 7419.6
        }
    },
    {
        "pk": 95,
        "model": "salary_calculator_app.remuneracionfija",
        "fields": {
            "remuneracion": 6,
            "vigencia": 13,
            "valor": 7585.28
        }
    },
    {
        "pk": 157,
        "model": "salary_calculator_app.remuneracionfija",
        "fields": {
            "remuneracion": 6,
            "vigencia": 13,
            "valor": 8167.5
        }
    },
    {
        "pk": 94,
        "model": "salary_calculator_app.remuneracionfija",
        "fields": {
            "remuneracion": 6,
            "vigencia": 13,
            "valor": 8438.55
        }
    },
    {
        "pk": 46,
        "model": "salary_calculator_app.remuneracionfija",
        "fields": {
            "remuneracion": 6,
            "vigencia": 1,
            "valor": 8568.0
        }
    },
    {
        "pk": 44,
        "model": "salary_calculator_app.remuneracionfija",
        "fields": {
            "remuneracion": 6,
            "vigencia": 1,
            "valor": 9710.1
        }
    },
    {
        "pk": 153,
        "model": "salary_calculator_app.remuneracionfija",
        "fields": {
            "remuneracion": 6,
            "vigencia": 13,
            "valor": 10746.9
        }
    },
    {
        "pk": 152,
        "model": "salary_calculator_app.remuneracionfija",
        "fields": {
            "remuneracion": 6,
            "vigencia": 13,
            "valor": 12179.7
        }
    },
    {
        "pk": 32,
        "model": "salary_calculator_app.remuneracionfija",
        "fields": {
            "remuneracion": 15,
            "vigencia": 1,
            "valor": 4.81
        }
    },
    {
        "pk": 31,
        "model": "salary_calculator_app.remuneracionfija",
        "fields": {
            "remuneracion": 15,
            "vigencia": 1,
            "valor": 5.27
        }
    },
    {
        "pk": 30,
        "model": "salary_calculator_app.remuneracionfija",
        "fields": {
            "remuneracion": 15,
            "vigencia": 1,
            "valor": 5.73
        }
    },
    {
        "pk": 29,
        "model": "salary_calculator_app.remuneracionfija",
        "fields": {
            "remuneracion": 15,
            "vigencia": 1,
            "valor": 6.4
        }
    },
    {
        "pk": 28,
        "model": "salary_calculator_app.remuneracionfija",
        "fields": {
            "remuneracion": 15,
            "vigencia": 1,
            "valor": 7.18
        }
    },
    {
        "pk": 27,
        "model": "salary_calculator_app.remuneracionfija",
        "fields": {
            "remuneracion": 15,
            "vigencia": 1,
            "valor": 7.51
        }
    },
    {
        "pk": 26,
        "model": "salary_calculator_app.remuneracionfija",
        "fields": {
            "remuneracion": 15,
            "vigencia": 1,
            "valor": 18.49
        }
    },
    {
        "pk": 25,
        "model": "salary_calculator_app.remuneracionfija",
        "fields": {
            "remuneracion": 15,
            "vigencia": 1,
            "valor": 19.52
        }
    },
    {
        "pk": 24,
        "model": "salary_calculator_app.remuneracionfija",
        "fields": {
            "remuneracion": 15,
            "vigencia": 1,
            "valor": 21.0
        }
    },
    {
        "pk": 23,
        "model": "salary_calculator_app.remuneracionfija",
        "fields": {
            "remuneracion": 15,
            "vigencia": 1,
            "valor": 22.77
        }
    },
    {
        "pk": 22,
        "model": "salary_calculator_app.remuneracionfija",
        "fields": {
            "remuneracion": 15,
            "vigencia": 1,
            "valor": 23.62
        }
    },
    {
        "pk": 21,
        "model": "salary_calculator_app.remuneracionfija",
        "fields": {
            "remuneracion": 15,
            "vigencia": 1,
            "valor": 52.23
        }
    },
    {
        "pk": 20,
        "model": "salary_calculator_app.remuneracionfija",
        "fields": {
            "remuneracion": 15,
            "vigencia": 1,
            "valor": 58.03
        }
    },
    {
        "pk": 19,
        "model": "salary_calculator_app.remuneracionfija",
        "fields": {
            "remuneracion": 15,
            "vigencia": 1,
            "valor": 66.23
        }
    },
    {
        "pk": 18,
        "model": "salary_calculator_app.remuneracionfija",
        "fields": {
            "remuneracion": 15,
            "vigencia": 1,
            "valor": 76.41
        }
    },
    {
        "pk": 17,
        "model": "salary_calculator_app.remuneracionfija",
        "fields": {
            "remuneracion": 15,
            "vigencia": 1,
            "valor": 81.08
        }
    },
    {
        "pk": 32,
        "model": "salary_calculator_app.remuneracionfijacargo",
        "fields": {
            "cargo": 77
        }
    },
    {
        "pk": 31,
        "model": "salary_calculator_app.remuneracionfijacargo",
        "fields": {
            "cargo": 76
        }
    },
    {
        "pk": 30,
        "model": "salary_calculator_app.remuneracionfijacargo",
        "fields": {
            "cargo": 73
        }
    },
    {
        "pk": 29,
        "model": "salary_calculator_app.remuneracionfijacargo",
        "fields": {
            "cargo": 70
        }
    },
    {
        "pk": 28,
        "model": "salary_calculator_app.remuneracionfijacargo",
        "fields": {
            "cargo": 67
        }
    },
    {
        "pk": 27,
        "model": "salary_calculator_app.remuneracionfijacargo",
        "fields": {
            "cargo": 64
        }
    },
    {
        "pk": 26,
        "model": "salary_calculator_app.remuneracionfijacargo",
        "fields": {
            "cargo": 75
        }
    },
    {
        "pk": 25,
        "model": "salary_calculator_app.remuneracionfijacargo",
        "fields": {
            "cargo": 72
        }
    },
    {
        "pk": 24,
        "model": "salary_calculator_app.remuneracionfijacargo",
        "fields": {
            "cargo": 69
        }
    },
    {
        "pk": 23,
        "model": "salary_calculator_app.remuneracionfijacargo",
        "fields": {
            "cargo": 66
        }
    },
    {
        "pk": 22,
        "model": "salary_calculator_app.remuneracionfijacargo",
        "fields": {
            "cargo": 63
        }
    },
    {
        "pk": 21,
        "model": "salary_calculator_app.remuneracionfijacargo",
        "fields": {
            "cargo": 74
        }
    },
    {
        "pk": 20,
        "model": "salary_calculator_app.remuneracionfijacargo",
        "fields": {
            "cargo": 71
        }
    },
    {
        "pk": 19,
        "model": "salary_calculator_app.remuneracionfijacargo",
        "fields": {
            "cargo": 68
        }
    },
    {
        "pk": 18,
        "model": "salary_calculator_app.remuneracionfijacargo",
        "fields": {
            "cargo": 65
        }
    },
    {
        "pk": 17,
        "model": "salary_calculator_app.remuneracionfijacargo",
        "fields": {
            "cargo": 62
        }
    },
    {
        "pk": 63,
        "model": "salary_calculator_app.remuneracionnomenclador",
        "fields": {
            "cargo": 74
        }
    },
    {
        "pk": 68,
        "model": "salary_calculator_app.remuneracionnomenclador",
        "fields": {
            "cargo": 75
        }
    },
    {
        "pk": 73,
        "model": "salary_calculator_app.remuneracionnomenclador",
        "fields": {
            "cargo": 76
        }
    },
    {
        "pk": 74,
        "model": "salary_calculator_app.remuneracionnomenclador",
        "fields": {
            "cargo": 77
        }
    },
    {
        "pk": 62,
        "model": "salary_calculator_app.remuneracionnomenclador",
        "fields": {
            "cargo": 71
        }
    },
    {
        "pk": 67,
        "model": "salary_calculator_app.remuneracionnomenclador",
        "fields": {
            "cargo": 72
        }
    },
    {
        "pk": 72,
        "model": "salary_calculator_app.remuneracionnomenclador",
        "fields": {
            "cargo": 73
        }
    },
    {
        "pk": 61,
        "model": "salary_calculator_app.remuneracionnomenclador",
        "fields": {
            "cargo": 68
        }
    },
    {
        "pk": 66,
        "model": "salary_calculator_app.remuneracionnomenclador",
        "fields": {
            "cargo": 69
        }
    },
    {
        "pk": 71,
        "model": "salary_calculator_app.remuneracionnomenclador",
        "fields": {
            "cargo": 70
        }
    },
    {
        "pk": 60,
        "model": "salary_calculator_app.remuneracionnomenclador",
        "fields": {
            "cargo": 65
        }
    },
    {
        "pk": 65,
        "model": "salary_calculator_app.remuneracionnomenclador",
        "fields": {
            "cargo": 66
        }
    },
    {
        "pk": 70,
        "model": "salary_calculator_app.remuneracionnomenclador",
        "fields": {
            "cargo": 67
        }
    },
    {
        "pk": 59,
        "model": "salary_calculator_app.remuneracionnomenclador",
        "fields": {
            "cargo": 62
        }
    },
    {
        "pk": 64,
        "model": "salary_calculator_app.remuneracionnomenclador",
        "fields": {
            "cargo": 63
        }
    },
    {
        "pk": 69,
        "model": "salary_calculator_app.remuneracionnomenclador",
        "fields": {
            "cargo": 64
        }
    },
    {
        "pk": 1,
        "model": "salary_calculator_app.salariobasicouniv",
        "fields": {
            "cargo": 62,
            "salario_referencia": 6831.76
        }
    },
    {
        "pk": 94,
        "model": "salary_calculator_app.salariobasicouniv",
        "fields": {
            "cargo": 62,
            "salario_referencia": 8340.9
        }
    },
    {
        "pk": 6,
        "model": "salary_calculator_app.salariobasicouniv",
        "fields": {
            "cargo": 63,
            "salario_referencia": 3415.88
        }
    },
    {
        "pk": 99,
        "model": "salary_calculator_app.salariobasicouniv",
        "fields": {
            "cargo": 63,
            "salario_referencia": 4170.45
        }
    },
    {
        "pk": 11,
        "model": "salary_calculator_app.salariobasicouniv",
        "fields": {
            "cargo": 64,
            "salario_referencia": 1707.94
        }
    },
    {
        "pk": 104,
        "model": "salary_calculator_app.salariobasicouniv",
        "fields": {
            "cargo": 64,
            "salario_referencia": 2085.22
        }
    },
    {
        "pk": 2,
        "model": "salary_calculator_app.salariobasicouniv",
        "fields": {
            "cargo": 65,
            "salario_referencia": 6146.54
        }
    },
    {
        "pk": 95,
        "model": "salary_calculator_app.salariobasicouniv",
        "fields": {
            "cargo": 65,
            "salario_referencia": 7493.25
        }
    },
    {
        "pk": 7,
        "model": "salary_calculator_app.salariobasicouniv",
        "fields": {
            "cargo": 66,
            "salario_referencia": 3073.27
        }
    },
    {
        "pk": 100,
        "model": "salary_calculator_app.salariobasicouniv",
        "fields": {
            "cargo": 66,
            "salario_referencia": 3746.62
        }
    },
    {
        "pk": 12,
        "model": "salary_calculator_app.salariobasicouniv",
        "fields": {
            "cargo": 67,
            "salario_referencia": 1536.63
        }
    },
    {
        "pk": 105,
        "model": "salary_calculator_app.salariobasicouniv",
        "fields": {
            "cargo": 67,
            "salario_referencia": 1873.31
        }
    },
    {
        "pk": 3,
        "model": "salary_calculator_app.salariobasicouniv",
        "fields": {
            "cargo": 68,
            "salario_referencia": 5461.32
        }
    },
    {
        "pk": 96,
        "model": "salary_calculator_app.salariobasicouniv",
        "fields": {
            "cargo": 68,
            "salario_referencia": 6645.33
        }
    },
    {
        "pk": 8,
        "model": "salary_calculator_app.salariobasicouniv",
        "fields": {
            "cargo": 69,
            "salario_referencia": 2730.66
        }
    },
    {
        "pk": 101,
        "model": "salary_calculator_app.salariobasicouniv",
        "fields": {
            "cargo": 69,
            "salario_referencia": 3322.67
        }
    },
    {
        "pk": 13,
        "model": "salary_calculator_app.salariobasicouniv",
        "fields": {
            "cargo": 70,
            "salario_referencia": 1365.33
        }
    },
    {
        "pk": 106,
        "model": "salary_calculator_app.salariobasicouniv",
        "fields": {
            "cargo": 70,
            "salario_referencia": 1661.33
        }
    },
    {
        "pk": 4,
        "model": "salary_calculator_app.salariobasicouniv",
        "fields": {
            "cargo": 71,
            "salario_referencia": 4776.1
        }
    },
    {
        "pk": 97,
        "model": "salary_calculator_app.salariobasicouniv",
        "fields": {
            "cargo": 71,
            "salario_referencia": 5797.71
        }
    },
    {
        "pk": 9,
        "model": "salary_calculator_app.salariobasicouniv",
        "fields": {
            "cargo": 72,
            "salario_referencia": 2388.05
        }
    },
    {
        "pk": 102,
        "model": "salary_calculator_app.salariobasicouniv",
        "fields": {
            "cargo": 72,
            "salario_referencia": 2898.85
        }
    },
    {
        "pk": 14,
        "model": "salary_calculator_app.salariobasicouniv",
        "fields": {
            "cargo": 73,
            "salario_referencia": 1194.02
        }
    },
    {
        "pk": 107,
        "model": "salary_calculator_app.salariobasicouniv",
        "fields": {
            "cargo": 73,
            "salario_referencia": 1449.42
        }
    },
    {
        "pk": 5,
        "model": "salary_calculator_app.salariobasicouniv",
        "fields": {
            "cargo": 74,
            "salario_referencia": 4090.87
        }
    },
    {
        "pk": 98,
        "model": "salary_calculator_app.salariobasicouniv",
        "fields": {
            "cargo": 74,
            "salario_referencia": 4949.95
        }
    },
    {
        "pk": 10,
        "model": "salary_calculator_app.salariobasicouniv",
        "fields": {
            "cargo": 75,
            "salario_referencia": 2045.44
        }
    },
    {
        "pk": 103,
        "model": "salary_calculator_app.salariobasicouniv",
        "fields": {
            "cargo": 75,
            "salario_referencia": 2474.98
        }
    },
    {
        "pk": 15,
        "model": "salary_calculator_app.salariobasicouniv",
        "fields": {
            "cargo": 76,
            "salario_referencia": 1022.72
        }
    },
    {
        "pk": 108,
        "model": "salary_calculator_app.salariobasicouniv",
        "fields": {
            "cargo": 76,
            "salario_referencia": 1237.49
        }
    },
    {
        "pk": 16,
        "model": "salary_calculator_app.salariobasicouniv",
        "fields": {
            "cargo": 77,
            "salario_referencia": 818.17
        }
    },
    {
        "pk": 109,
        "model": "salary_calculator_app.salariobasicouniv",
        "fields": {
            "cargo": 77,
            "salario_referencia": 989.99
        }
    },
    {
        "pk": 45,
        "model": "salary_calculator_app.salariobasicopreuniv",
        "fields": {
            "cargo": 1
        }
    },
    {
        "pk": 110,
        "model": "salary_calculator_app.salariobasicopreuniv",
        "fields": {
            "cargo": 1
        }
    },
    {
        "pk": 47,
        "model": "salary_calculator_app.salariobasicopreuniv",
        "fields": {
            "cargo": 2
        }
    },
    {
        "pk": 111,
        "model": "salary_calculator_app.salariobasicopreuniv",
        "fields": {
            "cargo": 2
        }
    },
    {
        "pk": 70,
        "model": "salary_calculator_app.salariobasicopreuniv",
        "fields": {
            "cargo": 3
        }
    },
    {
        "pk": 112,
        "model": "salary_calculator_app.salariobasicopreuniv",
        "fields": {
            "cargo": 3
        }
    },
    {
        "pk": 57,
        "model": "salary_calculator_app.salariobasicopreuniv",
        "fields": {
            "cargo": 4
        }
    },
    {
        "pk": 113,
        "model": "salary_calculator_app.salariobasicopreuniv",
        "fields": {
            "cargo": 4
        }
    },
    {
        "pk": 51,
        "model": "salary_calculator_app.salariobasicopreuniv",
        "fields": {
            "cargo": 5
        }
    },
    {
        "pk": 114,
        "model": "salary_calculator_app.salariobasicopreuniv",
        "fields": {
            "cargo": 5
        }
    },
    {
        "pk": 68,
        "model": "salary_calculator_app.salariobasicopreuniv",
        "fields": {
            "cargo": 6
        }
    },
    {
        "pk": 115,
        "model": "salary_calculator_app.salariobasicopreuniv",
        "fields": {
            "cargo": 6
        }
    },
    {
        "pk": 41,
        "model": "salary_calculator_app.salariobasicopreuniv",
        "fields": {
            "cargo": 7
        }
    },
    {
        "pk": 116,
        "model": "salary_calculator_app.salariobasicopreuniv",
        "fields": {
            "cargo": 7
        }
    },
    {
        "pk": 73,
        "model": "salary_calculator_app.salariobasicopreuniv",
        "fields": {
            "cargo": 8
        }
    },
    {
        "pk": 117,
        "model": "salary_calculator_app.salariobasicopreuniv",
        "fields": {
            "cargo": 8
        }
    },
    {
        "pk": 65,
        "model": "salary_calculator_app.salariobasicopreuniv",
        "fields": {
            "cargo": 9
        }
    },
    {
        "pk": 118,
        "model": "salary_calculator_app.salariobasicopreuniv",
        "fields": {
            "cargo": 9
        }
    },
    {
        "pk": 74,
        "model": "salary_calculator_app.salariobasicopreuniv",
        "fields": {
            "cargo": 10
        }
    },
    {
        "pk": 119,
        "model": "salary_calculator_app.salariobasicopreuniv",
        "fields": {
            "cargo": 10
        }
    },
    {
        "pk": 43,
        "model": "salary_calculator_app.salariobasicopreuniv",
        "fields": {
            "cargo": 11
        }
    },
    {
        "pk": 120,
        "model": "salary_calculator_app.salariobasicopreuniv",
        "fields": {
            "cargo": 11
        }
    },
    {
        "pk": 75,
        "model": "salary_calculator_app.salariobasicopreuniv",
        "fields": {
            "cargo": 12
        }
    },
    {
        "pk": 121,
        "model": "salary_calculator_app.salariobasicopreuniv",
        "fields": {
            "cargo": 12
        }
    },
    {
        "pk": 76,
        "model": "salary_calculator_app.salariobasicopreuniv",
        "fields": {
            "cargo": 13
        }
    },
    {
        "pk": 122,
        "model": "salary_calculator_app.salariobasicopreuniv",
        "fields": {
            "cargo": 13
        }
    },
    {
        "pk": 48,
        "model": "salary_calculator_app.salariobasicopreuniv",
        "fields": {
            "cargo": 15
        }
    },
    {
        "pk": 123,
        "model": "salary_calculator_app.salariobasicopreuniv",
        "fields": {
            "cargo": 15
        }
    },
    {
        "pk": 77,
        "model": "salary_calculator_app.salariobasicopreuniv",
        "fields": {
            "cargo": 16
        }
    },
    {
        "pk": 124,
        "model": "salary_calculator_app.salariobasicopreuniv",
        "fields": {
            "cargo": 16
        }
    },
    {
        "pk": 78,
        "model": "salary_calculator_app.salariobasicopreuniv",
        "fields": {
            "cargo": 17
        }
    },
    {
        "pk": 125,
        "model": "salary_calculator_app.salariobasicopreuniv",
        "fields": {
            "cargo": 17
        }
    },
    {
        "pk": 52,
        "model": "salary_calculator_app.salariobasicopreuniv",
        "fields": {
            "cargo": 18
        }
    },
    {
        "pk": 126,
        "model": "salary_calculator_app.salariobasicopreuniv",
        "fields": {
            "cargo": 18
        }
    },
    {
        "pk": 79,
        "model": "salary_calculator_app.salariobasicopreuniv",
        "fields": {
            "cargo": 19
        }
    },
    {
        "pk": 127,
        "model": "salary_calculator_app.salariobasicopreuniv",
        "fields": {
            "cargo": 19
        }
    },
    {
        "pk": 39,
        "model": "salary_calculator_app.salariobasicopreuniv",
        "fields": {
            "cargo": 20
        }
    },
    {
        "pk": 128,
        "model": "salary_calculator_app.salariobasicopreuniv",
        "fields": {
            "cargo": 20
        }
    },
    {
        "pk": 80,
        "model": "salary_calculator_app.salariobasicopreuniv",
        "fields": {
            "cargo": 21
        }
    },
    {
        "pk": 129,
        "model": "salary_calculator_app.salariobasicopreuniv",
        "fields": {
            "cargo": 21
        }
    },
    {
        "pk": 81,
        "model": "salary_calculator_app.salariobasicopreuniv",
        "fields": {
            "cargo": 22
        }
    },
    {
        "pk": 130,
        "model": "salary_calculator_app.salariobasicopreuniv",
        "fields": {
            "cargo": 22
        }
    },
    {
        "pk": 82,
        "model": "salary_calculator_app.salariobasicopreuniv",
        "fields": {
            "cargo": 23
        }
    },
    {
        "pk": 131,
        "model": "salary_calculator_app.salariobasicopreuniv",
        "fields": {
            "cargo": 23
        }
    },
    {
        "pk": 36,
        "model": "salary_calculator_app.salariobasicopreuniv",
        "fields": {
            "cargo": 24
        }
    },
    {
        "pk": 132,
        "model": "salary_calculator_app.salariobasicopreuniv",
        "fields": {
            "cargo": 24
        }
    },
    {
        "pk": 83,
        "model": "salary_calculator_app.salariobasicopreuniv",
        "fields": {
            "cargo": 25
        }
    },
    {
        "pk": 133,
        "model": "salary_calculator_app.salariobasicopreuniv",
        "fields": {
            "cargo": 25
        }
    },
    {
        "pk": 84,
        "model": "salary_calculator_app.salariobasicopreuniv",
        "fields": {
            "cargo": 26
        }
    },
    {
        "pk": 134,
        "model": "salary_calculator_app.salariobasicopreuniv",
        "fields": {
            "cargo": 26
        }
    },
    {
        "pk": 40,
        "model": "salary_calculator_app.salariobasicopreuniv",
        "fields": {
            "cargo": 27
        }
    },
    {
        "pk": 135,
        "model": "salary_calculator_app.salariobasicopreuniv",
        "fields": {
            "cargo": 27
        }
    },
    {
        "pk": 33,
        "model": "salary_calculator_app.salariobasicopreuniv",
        "fields": {
            "cargo": 28
        }
    },
    {
        "pk": 136,
        "model": "salary_calculator_app.salariobasicopreuniv",
        "fields": {
            "cargo": 28
        }
    },
    {
        "pk": 71,
        "model": "salary_calculator_app.salariobasicopreuniv",
        "fields": {
            "cargo": 29
        }
    },
    {
        "pk": 137,
        "model": "salary_calculator_app.salariobasicopreuniv",
        "fields": {
            "cargo": 29
        }
    },
    {
        "pk": 58,
        "model": "salary_calculator_app.salariobasicopreuniv",
        "fields": {
            "cargo": 30
        }
    },
    {
        "pk": 138,
        "model": "salary_calculator_app.salariobasicopreuniv",
        "fields": {
            "cargo": 30
        }
    },
    {
        "pk": 56,
        "model": "salary_calculator_app.salariobasicopreuniv",
        "fields": {
            "cargo": 31
        }
    },
    {
        "pk": 139,
        "model": "salary_calculator_app.salariobasicopreuniv",
        "fields": {
            "cargo": 31
        }
    },
    {
        "pk": 85,
        "model": "salary_calculator_app.salariobasicopreuniv",
        "fields": {
            "cargo": 32
        }
    },
    {
        "pk": 140,
        "model": "salary_calculator_app.salariobasicopreuniv",
        "fields": {
            "cargo": 32
        }
    },
    {
        "pk": 72,
        "model": "salary_calculator_app.salariobasicopreuniv",
        "fields": {
            "cargo": 34
        }
    },
    {
        "pk": 141,
        "model": "salary_calculator_app.salariobasicopreuniv",
        "fields": {
            "cargo": 34
        }
    },
    {
        "pk": 53,
        "model": "salary_calculator_app.salariobasicopreuniv",
        "fields": {
            "cargo": 35
        }
    },
    {
        "pk": 142,
        "model": "salary_calculator_app.salariobasicopreuniv",
        "fields": {
            "cargo": 35
        }
    },
    {
        "pk": 86,
        "model": "salary_calculator_app.salariobasicopreuniv",
        "fields": {
            "cargo": 36
        }
    },
    {
        "pk": 143,
        "model": "salary_calculator_app.salariobasicopreuniv",
        "fields": {
            "cargo": 36
        }
    },
    {
        "pk": 69,
        "model": "salary_calculator_app.salariobasicopreuniv",
        "fields": {
            "cargo": 37
        }
    },
    {
        "pk": 144,
        "model": "salary_calculator_app.salariobasicopreuniv",
        "fields": {
            "cargo": 37
        }
    },
    {
        "pk": 60,
        "model": "salary_calculator_app.salariobasicopreuniv",
        "fields": {
            "cargo": 38
        }
    },
    {
        "pk": 145,
        "model": "salary_calculator_app.salariobasicopreuniv",
        "fields": {
            "cargo": 38
        }
    },
    {
        "pk": 61,
        "model": "salary_calculator_app.salariobasicopreuniv",
        "fields": {
            "cargo": 39
        }
    },
    {
        "pk": 146,
        "model": "salary_calculator_app.salariobasicopreuniv",
        "fields": {
            "cargo": 39
        }
    },
    {
        "pk": 62,
        "model": "salary_calculator_app.salariobasicopreuniv",
        "fields": {
            "cargo": 40
        }
    },
    {
        "pk": 147,
        "model": "salary_calculator_app.salariobasicopreuniv",
        "fields": {
            "cargo": 40
        }
    },
    {
        "pk": 59,
        "model": "salary_calculator_app.salariobasicopreuniv",
        "fields": {
            "cargo": 33
        }
    },
    {
        "pk": 148,
        "model": "salary_calculator_app.salariobasicopreuniv",
        "fields": {
            "cargo": 33
        }
    },
    {
        "pk": 55,
        "model": "salary_calculator_app.salariobasicopreuniv",
        "fields": {
            "cargo": 14
        }
    },
    {
        "pk": 149,
        "model": "salary_calculator_app.salariobasicopreuniv",
        "fields": {
            "cargo": 14
        }
    },
    {
        "pk": 66,
        "model": "salary_calculator_app.salariobasicopreuniv",
        "fields": {
            "cargo": 41
        }
    },
    {
        "pk": 150,
        "model": "salary_calculator_app.salariobasicopreuniv",
        "fields": {
            "cargo": 41
        }
    },
    {
        "pk": 42,
        "model": "salary_calculator_app.salariobasicopreuniv",
        "fields": {
            "cargo": 61
        }
    },
    {
        "pk": 151,
        "model": "salary_calculator_app.salariobasicopreuniv",
        "fields": {
            "cargo": 61
        }
    },
    {
        "pk": 44,
        "model": "salary_calculator_app.salariobasicopreuniv",
        "fields": {
            "cargo": 42
        }
    },
    {
        "pk": 152,
        "model": "salary_calculator_app.salariobasicopreuniv",
        "fields": {
            "cargo": 42
        }
    },
    {
        "pk": 46,
        "model": "salary_calculator_app.salariobasicopreuniv",
        "fields": {
            "cargo": 43
        }
    },
    {
        "pk": 153,
        "model": "salary_calculator_app.salariobasicopreuniv",
        "fields": {
            "cargo": 43
        }
    },
    {
        "pk": 87,
        "model": "salary_calculator_app.salariobasicopreuniv",
        "fields": {
            "cargo": 44
        }
    },
    {
        "pk": 154,
        "model": "salary_calculator_app.salariobasicopreuniv",
        "fields": {
            "cargo": 44
        }
    },
    {
        "pk": 49,
        "model": "salary_calculator_app.salariobasicopreuniv",
        "fields": {
            "cargo": 45
        }
    },
    {
        "pk": 155,
        "model": "salary_calculator_app.salariobasicopreuniv",
        "fields": {
            "cargo": 45
        }
    },
    {
        "pk": 50,
        "model": "salary_calculator_app.salariobasicopreuniv",
        "fields": {
            "cargo": 46
        }
    },
    {
        "pk": 156,
        "model": "salary_calculator_app.salariobasicopreuniv",
        "fields": {
            "cargo": 46
        }
    },
    {
        "pk": 54,
        "model": "salary_calculator_app.salariobasicopreuniv",
        "fields": {
            "cargo": 47
        }
    },
    {
        "pk": 157,
        "model": "salary_calculator_app.salariobasicopreuniv",
        "fields": {
            "cargo": 47
        }
    },
    {
        "pk": 88,
        "model": "salary_calculator_app.salariobasicopreuniv",
        "fields": {
            "cargo": 48
        }
    },
    {
        "pk": 158,
        "model": "salary_calculator_app.salariobasicopreuniv",
        "fields": {
            "cargo": 48
        }
    },
    {
        "pk": 89,
        "model": "salary_calculator_app.salariobasicopreuniv",
        "fields": {
            "cargo": 49
        }
    },
    {
        "pk": 159,
        "model": "salary_calculator_app.salariobasicopreuniv",
        "fields": {
            "cargo": 49
        }
    },
    {
        "pk": 90,
        "model": "salary_calculator_app.salariobasicopreuniv",
        "fields": {
            "cargo": 50
        }
    },
    {
        "pk": 160,
        "model": "salary_calculator_app.salariobasicopreuniv",
        "fields": {
            "cargo": 50
        }
    },
    {
        "pk": 91,
        "model": "salary_calculator_app.salariobasicopreuniv",
        "fields": {
            "cargo": 51
        }
    },
    {
        "pk": 161,
        "model": "salary_calculator_app.salariobasicopreuniv",
        "fields": {
            "cargo": 51
        }
    },
    {
        "pk": 37,
        "model": "salary_calculator_app.salariobasicopreuniv",
        "fields": {
            "cargo": 52
        }
    },
    {
        "pk": 162,
        "model": "salary_calculator_app.salariobasicopreuniv",
        "fields": {
            "cargo": 52
        }
    },
    {
        "pk": 38,
        "model": "salary_calculator_app.salariobasicopreuniv",
        "fields": {
            "cargo": 53
        }
    },
    {
        "pk": 163,
        "model": "salary_calculator_app.salariobasicopreuniv",
        "fields": {
            "cargo": 53
        }
    },
    {
        "pk": 92,
        "model": "salary_calculator_app.salariobasicopreuniv",
        "fields": {
            "cargo": 54
        }
    },
    {
        "pk": 164,
        "model": "salary_calculator_app.salariobasicopreuniv",
        "fields": {
            "cargo": 54
        }
    },
    {
        "pk": 67,
        "model": "salary_calculator_app.salariobasicopreuniv",
        "fields": {
            "cargo": 55
        }
    },
    {
        "pk": 165,
        "model": "salary_calculator_app.salariobasicopreuniv",
        "fields": {
            "cargo": 55
        }
    },
    {
        "pk": 93,
        "model": "salary_calculator_app.salariobasicopreuniv",
        "fields": {
            "cargo": 56
        }
    },
    {
        "pk": 166,
        "model": "salary_calculator_app.salariobasicopreuniv",
        "fields": {
            "cargo": 56
        }
    },
    {
        "pk": 34,
        "model": "salary_calculator_app.salariobasicopreuniv",
        "fields": {
            "cargo": 57
        }
    },
    {
        "pk": 167,
        "model": "salary_calculator_app.salariobasicopreuniv",
        "fields": {
            "cargo": 57
        }
    },
    {
        "pk": 35,
        "model": "salary_calculator_app.salariobasicopreuniv",
        "fields": {
            "cargo": 58
        }
    },
    {
        "pk": 168,
        "model": "salary_calculator_app.salariobasicopreuniv",
        "fields": {
            "cargo": 58
        }
    },
    {
        "pk": 64,
        "model": "salary_calculator_app.salariobasicopreuniv",
        "fields": {
            "cargo": 60
        }
    },
    {
        "pk": 169,
        "model": "salary_calculator_app.salariobasicopreuniv",
        "fields": {
            "cargo": 60
        }
    },
    {
        "pk": 63,
        "model": "salary_calculator_app.salariobasicopreuniv",
        "fields": {
            "cargo": 59
        }
    },
    {
        "pk": 170,
        "model": "salary_calculator_app.salariobasicopreuniv",
        "fields": {
            "cargo": 59
        }
    },
    {
        "pk": 5,
        "model": "salary_calculator_app.antiguedaduniversitaria",
        "fields": {
            "anio": 0
        }
    },
    {
        "pk": 6,
        "model": "salary_calculator_app.antiguedaduniversitaria",
        "fields": {
            "anio": 1
        }
    },
    {
        "pk": 7,
        "model": "salary_calculator_app.antiguedaduniversitaria",
        "fields": {
            "anio": 2
        }
    },
    {
        "pk": 40,
        "model": "salary_calculator_app.antiguedaduniversitaria",
        "fields": {
            "anio": 3
        }
    },
    {
        "pk": 41,
        "model": "salary_calculator_app.antiguedaduniversitaria",
        "fields": {
            "anio": 4
        }
    },
    {
        "pk": 8,
        "model": "salary_calculator_app.antiguedaduniversitaria",
        "fields": {
            "anio": 5
        }
    },
    {
        "pk": 39,
        "model": "salary_calculator_app.antiguedaduniversitaria",
        "fields": {
            "anio": 6
        }
    },
    {
        "pk": 9,
        "model": "salary_calculator_app.antiguedaduniversitaria",
        "fields": {
            "anio": 7
        }
    },
    {
        "pk": 37,
        "model": "salary_calculator_app.antiguedaduniversitaria",
        "fields": {
            "anio": 8
        }
    },
    {
        "pk": 38,
        "model": "salary_calculator_app.antiguedaduniversitaria",
        "fields": {
            "anio": 9
        }
    },
    {
        "pk": 10,
        "model": "salary_calculator_app.antiguedaduniversitaria",
        "fields": {
            "anio": 10
        }
    },
    {
        "pk": 36,
        "model": "salary_calculator_app.antiguedaduniversitaria",
        "fields": {
            "anio": 11
        }
    },
    {
        "pk": 11,
        "model": "salary_calculator_app.antiguedaduniversitaria",
        "fields": {
            "anio": 12
        }
    },
    {
        "pk": 34,
        "model": "salary_calculator_app.antiguedaduniversitaria",
        "fields": {
            "anio": 13
        }
    },
    {
        "pk": 35,
        "model": "salary_calculator_app.antiguedaduniversitaria",
        "fields": {
            "anio": 14
        }
    },
    {
        "pk": 12,
        "model": "salary_calculator_app.antiguedaduniversitaria",
        "fields": {
            "anio": 15
        }
    },
    {
        "pk": 33,
        "model": "salary_calculator_app.antiguedaduniversitaria",
        "fields": {
            "anio": 16
        }
    },
    {
        "pk": 13,
        "model": "salary_calculator_app.antiguedaduniversitaria",
        "fields": {
            "anio": 17
        }
    },
    {
        "pk": 31,
        "model": "salary_calculator_app.antiguedaduniversitaria",
        "fields": {
            "anio": 18
        }
    },
    {
        "pk": 32,
        "model": "salary_calculator_app.antiguedaduniversitaria",
        "fields": {
            "anio": 19
        }
    },
    {
        "pk": 14,
        "model": "salary_calculator_app.antiguedaduniversitaria",
        "fields": {
            "anio": 20
        }
    },
    {
        "pk": 30,
        "model": "salary_calculator_app.antiguedaduniversitaria",
        "fields": {
            "anio": 21
        }
    },
    {
        "pk": 15,
        "model": "salary_calculator_app.antiguedaduniversitaria",
        "fields": {
            "anio": 22
        }
    },
    {
        "pk": 29,
        "model": "salary_calculator_app.antiguedaduniversitaria",
        "fields": {
            "anio": 23
        }
    },
    {
        "pk": 16,
        "model": "salary_calculator_app.antiguedaduniversitaria",
        "fields": {
            "anio": 24
        }
    },
    {
        "pk": 17,
        "model": "salary_calculator_app.antiguedadpreuniversitaria",
        "fields": {
            "anio": 0
        }
    },
    {
        "pk": 18,
        "model": "salary_calculator_app.antiguedadpreuniversitaria",
        "fields": {
            "anio": 1
        }
    },
    {
        "pk": 19,
        "model": "salary_calculator_app.antiguedadpreuniversitaria",
        "fields": {
            "anio": 2
        }
    },
    {
        "pk": 53,
        "model": "salary_calculator_app.antiguedadpreuniversitaria",
        "fields": {
            "anio": 3
        }
    },
    {
        "pk": 54,
        "model": "salary_calculator_app.antiguedadpreuniversitaria",
        "fields": {
            "anio": 4
        }
    },
    {
        "pk": 20,
        "model": "salary_calculator_app.antiguedadpreuniversitaria",
        "fields": {
            "anio": 5
        }
    },
    {
        "pk": 52,
        "model": "salary_calculator_app.antiguedadpreuniversitaria",
        "fields": {
            "anio": 6
        }
    },
    {
        "pk": 21,
        "model": "salary_calculator_app.antiguedadpreuniversitaria",
        "fields": {
            "anio": 7
        }
    },
    {
        "pk": 50,
        "model": "salary_calculator_app.antiguedadpreuniversitaria",
        "fields": {
            "anio": 8
        }
    },
    {
        "pk": 51,
        "model": "salary_calculator_app.antiguedadpreuniversitaria",
        "fields": {
            "anio": 9
        }
    },
    {
        "pk": 22,
        "model": "salary_calculator_app.antiguedadpreuniversitaria",
        "fields": {
            "anio": 10
        }
    },
    {
        "pk": 49,
        "model": "salary_calculator_app.antiguedadpreuniversitaria",
        "fields": {
            "anio": 11
        }
    },
    {
        "pk": 23,
        "model": "salary_calculator_app.antiguedadpreuniversitaria",
        "fields": {
            "anio": 12
        }
    },
    {
        "pk": 47,
        "model": "salary_calculator_app.antiguedadpreuniversitaria",
        "fields": {
            "anio": 13
        }
    },
    {
        "pk": 48,
        "model": "salary_calculator_app.antiguedadpreuniversitaria",
        "fields": {
            "anio": 14
        }
    },
    {
        "pk": 24,
        "model": "salary_calculator_app.antiguedadpreuniversitaria",
        "fields": {
            "anio": 15
        }
    },
    {
        "pk": 46,
        "model": "salary_calculator_app.antiguedadpreuniversitaria",
        "fields": {
            "anio": 16
        }
    },
    {
        "pk": 25,
        "model": "salary_calculator_app.antiguedadpreuniversitaria",
        "fields": {
            "anio": 17
        }
    },
    {
        "pk": 44,
        "model": "salary_calculator_app.antiguedadpreuniversitaria",
        "fields": {
            "anio": 18
        }
    },
    {
        "pk": 45,
        "model": "salary_calculator_app.antiguedadpreuniversitaria",
        "fields": {
            "anio": 19
        }
    },
    {
        "pk": 26,
        "model": "salary_calculator_app.antiguedadpreuniversitaria",
        "fields": {
            "anio": 20
        }
    },
    {
        "pk": 43,
        "model": "salary_calculator_app.antiguedadpreuniversitaria",
        "fields": {
            "anio": 21
        }
    },
    {
        "pk": 27,
        "model": "salary_calculator_app.antiguedadpreuniversitaria",
        "fields": {
            "anio": 22
        }
    },
    {
        "pk": 42,
        "model": "salary_calculator_app.antiguedadpreuniversitaria",
        "fields": {
            "anio": 23
        }
    },
    {
        "pk": 28,
        "model": "salary_calculator_app.antiguedadpreuniversitaria",
        "fields": {
            "anio": 24
        }
    },
    {
        "pk": 1,
        "model": "salary_calculator_app.impuestogananciasdeducciones",
        "fields": {
            "por_ascendiente": 5400.0,
            "deduccion_especial": 0.0,
            "vigencia": 6,
            "por_suegro_yerno_nuera": 5400.0,
            "por_descendiente": 5400.0,
            "por_conyuge": 14400.0,
            "ganancia_no_imponible": 12960.0,
            "desc_cuarta_cat": 62208.0,
            "por_hijo": 7200.0
        }
    },
    {
        "pk": 2,
        "model": "salary_calculator_app.impuestogananciasdeducciones",
        "fields": {
            "por_ascendiente": 6480.0,
            "deduccion_especial": 0.0,
            "vigencia": 7,
            "por_suegro_yerno_nuera": 6480.0,
            "por_descendiente": 6480.0,
            "por_conyuge": 17280.0,
            "ganancia_no_imponible": 15552.0,
            "desc_cuarta_cat": 74649.0,
            "por_hijo": 8640.0
        }
    },
    {
        "pk": 1,
        "model": "salary_calculator_app.impuestogananciastabla",
        "fields": {
            "vigencia": 8,
            "ganancia_neta_max": 10000.0,
            "suma_anterior": 0.0,
            "ganancia_neta_min": 0.0,
            "impuesto_porcentual": 0.09
        }
    },
    {
        "pk": 2,
        "model": "salary_calculator_app.impuestogananciastabla",
        "fields": {
            "vigencia": 8,
            "ganancia_neta_max": 20000.0,
            "suma_anterior": 900.0,
            "ganancia_neta_min": 10001.0,
            "impuesto_porcentual": 0.14
        }
    },
    {
        "pk": 3,
        "model": "salary_calculator_app.impuestogananciastabla",
        "fields": {
            "vigencia": 8,
            "ganancia_neta_max": 30000.0,
            "suma_anterior": 2300.0,
            "ganancia_neta_min": 20001.0,
            "impuesto_porcentual": 0.19
        }
    },
    {
        "pk": 4,
        "model": "salary_calculator_app.impuestogananciastabla",
        "fields": {
            "vigencia": 8,
            "ganancia_neta_max": 60000.0,
            "suma_anterior": 4200.0,
            "ganancia_neta_min": 30001.0,
            "impuesto_porcentual": 0.23
        }
    },
    {
        "pk": 5,
        "model": "salary_calculator_app.impuestogananciastabla",
        "fields": {
            "vigencia": 8,
            "ganancia_neta_max": 90000.0,
            "suma_anterior": 11100.0,
            "ganancia_neta_min": 60001.0,
            "impuesto_porcentual": 0.27
        }
    },
    {
        "pk": 6,
        "model": "salary_calculator_app.impuestogananciastabla",
        "fields": {
            "vigencia": 8,
            "ganancia_neta_max": 120000.0,
            "suma_anterior": 19200.0,
            "ganancia_neta_min": 90001.0,
            "impuesto_porcentual": 0.31
        }
    },
    {
        "pk": 7,
        "model": "salary_calculator_app.impuestogananciastabla",
        "fields": {
            "vigencia": 8,
            "ganancia_neta_max": 100000000.0,
            "suma_anterior": 28500.0,
            "ganancia_neta_min": 120001.0,
            "impuesto_porcentual": 0.35
        }
    }
]